,Compound,Date,Negative,Neutral,Positive,Source,Tweet,Tweets Ago
0,0.5719,Sat Apr 07 18:00:22 +0000 2018,0.748,0.0,0.252,@BBC,‚ù§Ô∏èüé∂ @NiallOfficial's Live Lounge cover of @JuliaMichaels' Issues is just perfect.  https://t.co/XpsnR29hPU,1
1,0.0,Sat Apr 07 17:19:26 +0000 2018,1.0,0.0,0.0,@BBC,"RT @CBeebiesHQ: Goodnight @ChrisEvans,üåô 

Chris reads Goodnight Goodnight Construction site tonight. üèóÔ∏è 

#BedtimeStory is at 6:50pm üò¥üí§ htt‚Ä¶",2
2,-0.7269,Sat Apr 07 17:04:03 +0000 2018,0.523,0.405,0.072,@BBC,ü¶Åüò¢ Lions are often poisoned to prevent them attacking livestock. https://t.co/254nhtlMW5,3
3,0.6515,Sat Apr 07 16:00:23 +0000 2018,0.581,0.0,0.419,@BBC,"üò≤ Some VERY impressive maths here. 
#UniversityChallenge https://t.co/crvQQ5V3Vn",4
4,0.6908,Sat Apr 07 15:01:03 +0000 2018,0.759,0.0,0.241,@BBC,Doctors are finding one way that sugar can benefit your health - it may help heal wounds resistant to antibiotics.‚Ä¶ https://t.co/zI9pN0zSVo,5
5,0.0,Sat Apr 07 14:33:46 +0000 2018,1.0,0.0,0.0,@BBC,"RT @BBCRadio2: ""The clunk of putting the cassette in, snapping it shut... oh wait I'm going to rewind to get to the start of the song. It's‚Ä¶",6
6,0.0,Sat Apr 07 14:00:31 +0000 2018,1.0,0.0,0.0,@BBC,"üåéüì∏ Our pick of the most striking news photographs taken around the world recently.
üëâ https://t.co/zPpuZq9hOC https://t.co/fYUTrG44Ra",7
7,-0.5719,Sat Apr 07 13:00:20 +0000 2018,0.778,0.222,0.0,@BBC,How did this new mum survive in the chaos that followed Hurricane Maria? https://t.co/Nx7uFz1k56,8
8,-0.296,Sat Apr 07 12:07:08 +0000 2018,0.748,0.154,0.098,@BBC,"For Dr Joel Salinas, music creates colours, numbers have personalities and another person's pain feels almost like‚Ä¶ https://t.co/lrGhiKBaGZ",9
9,0.0,Sat Apr 07 11:19:19 +0000 2018,1.0,0.0,0.0,@BBC,"RT @bbcthree: 94-year-old Judo Jack says: ""Get off your butt and do something."" https://t.co/M9CzCtwSqe",10
10,0.0,Sat Apr 07 11:00:57 +0000 2018,1.0,0.0,0.0,@BBC,RT @BBCR1: It's been one whole year of Sign Of The Times and we need to know whether @Harry_Styles finally let Chris Martin be head of his‚Ä¶,11
11,0.69,Sat Apr 07 11:00:18 +0000 2018,0.749,0.0,0.251,@BBC,"What an inspiration! üí™ 

‚ù§Ô∏è Fraser shed the pounds to pursue his wrestling dream, in memory of his mother. https://t.co/LWmuGo6dTN",12
12,0.0,Sat Apr 07 10:26:52 +0000 2018,1.0,0.0,0.0,@BBC,"RT @BBCSport: It's a historic victory for Uganda! üôå 

Earlier today they recorded their first ever victory at the Commonwealth games with a‚Ä¶",13
13,0.0,Sat Apr 07 10:05:06 +0000 2018,1.0,0.0,0.0,@BBC,üçìüçí Did you know that cherries and strawberries represented the souls of men? Or that a dragonfly could be the devil‚Ä¶ https://t.co/s9rFhv5wlu,14
14,-0.8658,Sat Apr 07 09:00:12 +0000 2018,0.637,0.363,0.0,@BBC,"Losing your hair whilst going through cancer treatment can be distressing. 

This shop decided to try and do someth‚Ä¶ https://t.co/mcOgFrRtdq",15
15,0.0,Sat Apr 07 08:00:16 +0000 2018,1.0,0.0,0.0,@BBC,üóëü§ñ This trash collecting robot can be controlled by anyone via the internet. https://t.co/N2gbeP2nIo,16
16,0.34,Sat Apr 07 07:54:05 +0000 2018,0.906,0.0,0.094,@BBC,"RT @bbcgetinspired: 'Women don't just stay at home and look after the kids, we don't just do dance or gymnastics, we play tennis, football‚Ä¶",17
17,0.4588,Sat Apr 07 07:03:06 +0000 2018,0.769,0.0,0.231,@BBC,üòçüêø These baby red squirrels are too cute to handle. https://t.co/d2r7c8EyUh,18
18,0.0,Fri Apr 06 19:48:37 +0000 2018,1.0,0.0,0.0,@BBC,"RT @bbcmusic: Jade, this was INCREDIBLE üòç
#SoundsLikeFridayNight https://t.co/rSGnYVTFYu",19
19,0.0,Fri Apr 06 18:07:07 +0000 2018,1.0,0.0,0.0,@BBC,ü§î Modern life is a mystery. https://t.co/a4817Iugzz,20
20,0.0,Fri Apr 06 17:32:05 +0000 2018,1.0,0.0,0.0,@BBC,"Tune in to #SLFN tonight for performances from @snowpatrol, @Meghan_Trainor, @yearsandyears and @halsey. üé∂üé§üéâ

Sound‚Ä¶ https://t.co/EFjiBk5upm",21
21,0.0,Fri Apr 06 16:13:08 +0000 2018,1.0,0.0,0.0,@BBC,RT @bbcpointswest: ü§© Prince Harry and Meghan Markle arrive in Bath for the Invictus Games trials ü§© https://t.co/ywlHvaHt2z,22
22,-0.1531,Fri Apr 06 16:08:04 +0000 2018,0.78,0.124,0.096,@BBC,"üòÇ If you're going to get dumped on TV, it might as well be via @KylieMinogue. 

#TheGNShow | 10.35pm | @BBCOne https://t.co/CgfsjKjeob",23
23,-0.7777,Fri Apr 06 16:02:36 +0000 2018,0.621,0.332,0.047,@BBC,"RT @BBCNewsround: Ever wondered why we cry when we chop onions? Now you'll have no excuse to avoid cooking dinner, sorry! üòÇhttps://t.co/SyX‚Ä¶",24
24,0.6037,Fri Apr 06 15:23:45 +0000 2018,0.64,0.0,0.36,@BBC,"RT @BBCOne: MY OLD FRIEND.

#OrdealByInnocence #Sunshine https://t.co/vQBvcgLrCe",25
25,0.8126,Fri Apr 06 15:22:01 +0000 2018,0.72,0.0,0.28,@BBC,"üéª Two years ago @ShekuKM won @BBCYoungMus. 
Now he wants to inspire other young people to pick up an instrument too‚Ä¶ https://t.co/fG0F3x2eDN",26
26,0.0,Fri Apr 06 15:20:18 +0000 2018,1.0,0.0,0.0,@BBC,"RT @bbcgetinspired: She's only 11 years old, but @sport_wales' Anna Hursey is smashing it at #GC2018! üôå 

‚û° https://t.co/9sFYGzsgnQ #GetIns‚Ä¶",27
27,0.0,Fri Apr 06 15:02:33 +0000 2018,1.0,0.0,0.0,@BBC,RT @bbcmusic: Counting down the seconds TBH üíÖ@LittleMix https://t.co/6UTrz9gqQr,28
28,0.5499,Fri Apr 06 15:02:05 +0000 2018,0.332,0.282,0.385,@BBC,üçûüçª Hate food waste but love beer? https://t.co/IL9jmlaMjs,29
29,-0.5849,Fri Apr 06 14:30:39 +0000 2018,0.559,0.31,0.13,@BBC,"RT @BBCRadio3: ""Stop being so selfish ‚Äì this isn‚Äôt about you."" Harsh words - or tough love?
Zeynep, Jess and Sam discuss one teacher‚Äôs cont‚Ä¶",30
30,0.0,Fri Apr 06 14:07:06 +0000 2018,1.0,0.0,0.0,@BBC,"üêò ü¶èü¶íüî≠
Saving animals using space technology. https://t.co/gAwJcD2I2A",31
31,-0.4215,Fri Apr 06 13:02:05 +0000 2018,0.741,0.171,0.088,@BBC,"üçøüéü From a near-silent horror film to an Australian Western, here are 8 movies worth watching in April. 
üëâ‚Ä¶ https://t.co/b15kbsQ7MD",32
32,0.0,Fri Apr 06 12:18:09 +0000 2018,1.0,0.0,0.0,@BBC,RT @BBCOne: For all the drama queens. üëë https://t.co/RfdMDieaCZ,33
33,0.2023,Fri Apr 06 12:03:05 +0000 2018,0.899,0.0,0.101,@BBC,üíÉüï∫ Meet the dancers from Lagos who've been tipped for the top by @Rihanna and @NaomiCampbell. https://t.co/3ySZPqcyBr,34
34,0.8617,Fri Apr 06 11:32:15 +0000 2018,0.689,0.0,0.311,@BBC,"RT @BBCSport: Gareth Evans absolutely loved it! üí™ 

This is how it felt to win Wales' first gold! ü•áüè¥Û†ÅßÛ†Å¢Û†Å∑Û†Å¨Û†Å≥Û†Åø

#GC2018 #bbcgoldcoast https://t‚Ä¶",35
35,0.0,Fri Apr 06 11:00:06 +0000 2018,1.0,0.0,0.0,@BBC,"ü¶Åü¶èüêÜ 
Royal pets are now more synonymous with corgis than wild animals, but historically monarchs would own an array‚Ä¶ https://t.co/5VVyiWHPv1",36
36,0.0,Fri Apr 06 10:10:03 +0000 2018,1.0,0.0,0.0,@BBC,"üòª Say hello to Willow the cheetah! 
#BigCatsAboutTheHouse https://t.co/e9xNVjR0gi",37
37,0.0,Fri Apr 06 08:58:33 +0000 2018,1.0,0.0,0.0,@BBC,RT @BBCSport: It all happened in the weightlifting... #GC2018 https://t.co/s8qnPsuyaz,38
38,0.0,Fri Apr 06 08:30:51 +0000 2018,1.0,0.0,0.0,@BBC,RT @BBCBreakfast: All you need to know about the 'sugar tax' and how your favourite soft drink may change. https://t.co/mjFwTN1UHs,39
39,0.25,Fri Apr 06 08:08:50 +0000 2018,0.905,0.0,0.095,@BBC,RT @bbcpress: üì∏ #FirstLook at Eleanor Tomlinson and Rafe Spall in @BBCOne adaptation of H.G. Wells' #WarOfTheWorlds as filming begins: http‚Ä¶,40
40,0.0,Fri Apr 06 08:00:17 +0000 2018,1.0,0.0,0.0,@BBC,"üò≤üé®üáøüá¶ Hotel or modern art museum?
#AmazingHotels https://t.co/Xbmjzviivh",41
41,0.4579,Fri Apr 06 07:00:09 +0000 2018,0.779,0.067,0.154,@BBC,"It might not always feel like it, but psychologist @sapinker is convinced that the world is on the up. https://t.co/a8PrDXjDcL",42
42,-0.6908,Thu Apr 05 20:02:00 +0000 2018,0.783,0.217,0.0,@BBC,"'There‚Äôs the England before Stephen, and there‚Äôs the England after Stephen.' 

Stephen: The Murder That Changed a N‚Ä¶ https://t.co/BLynBXYH7I",43
43,0.7096,Thu Apr 05 18:00:24 +0000 2018,0.629,0.0,0.371,@BBC,"üêÜ Could building walkways in nature help save these big cats?
#BigCatsAboutTheHouse https://t.co/NdkxCDBpee",44
44,0.0,Thu Apr 05 17:02:05 +0000 2018,1.0,0.0,0.0,@BBC,"üòãüòã Pocket-friendly recipes for two.
üëâ https://t.co/CzuDNQNw3B https://t.co/xbrrmlIgNF",45
45,-0.765,Thu Apr 05 16:00:17 +0000 2018,0.68,0.32,0.0,@BBC,"üëÄ From illegal ivory to taxidermy, take a peek inside the banned wildlife room at Heathrow Airport. https://t.co/8yIok0eobX",46
46,0.0,Thu Apr 05 15:55:28 +0000 2018,1.0,0.0,0.0,@BBC,RT @bbccomedy: Smithy is an irl ray of #sunshine. https://t.co/NgA4t4jZob,47
47,0.0,Thu Apr 05 14:34:17 +0000 2018,1.0,0.0,0.0,@BBC,"RT @BBCTheOneShow: ..@DIYSOS  are building a gym and community area for the Grenfell community, but @MrNickKnowles needs something specific‚Ä¶",48
48,0.0028,Thu Apr 05 12:59:08 +0000 2018,0.724,0.118,0.159,@BBC,"RT @bbcmusic: STOP EVERYTHING: @GaryBarlow is coming to Sounds Like Friday Night üôåüí™ 
Don't miss it: 7.30pm, Friday, @BBCOne üí´#SLFN https://‚Ä¶",49
49,0.4588,Thu Apr 05 12:37:24 +0000 2018,0.75,0.0,0.25,@BBC,"RT @BBCOne: You took your sweet time. 

#Poldark #sunshine https://t.co/Ep33Zt5YZi",50
50,-0.2263,Thu Apr 05 11:56:05 +0000 2018,0.881,0.119,0.0,@BBC,"It's time society stopped judging black women by their hair, British-Somali artist @blackpowerpufff says.‚Ä¶ https://t.co/lRmAfxmefR",51
51,0.0,Thu Apr 05 11:01:08 +0000 2018,1.0,0.0,0.0,@BBC,üìö A biography about conjoined twins from Siam who became US slave-owners + 9 other books to bury your nose in this‚Ä¶ https://t.co/1UfP6LTH0i,52
52,0.0,Thu Apr 05 10:26:16 +0000 2018,1.0,0.0,0.0,@BBC,RT @BBCSport: Scotland's Hannah Miley takes the silver in the women's 400m individual medley! ü•à https://t.co/GrailyYrno #bbcgoldcoast https‚Ä¶,53
53,0.4215,Thu Apr 05 10:22:47 +0000 2018,0.797,0.0,0.203,@BBC,üòçüêø A trio of baby red squirrels have been rescued in Perthshire.  https://t.co/d2r7c8EyUh,54
54,0.6027,Thu Apr 05 10:03:28 +0000 2018,0.843,0.0,0.157,@BBC,"RT @BBCBreakfast: Some GOOD plastic news!
Marine conservationists say the 5p carrier bag charge has reduced the amount of single use plasti‚Ä¶",55
55,0.0,Thu Apr 05 09:55:45 +0000 2018,1.0,0.0,0.0,@BBC,"RT @BBCRadio2: What happens when you put one harp, three fiddles, and the cream of the folk world in one room?

We brought together @elizac‚Ä¶",56
56,0.2023,Thu Apr 05 09:53:47 +0000 2018,0.924,0.0,0.076,@BBC,"RT @BBCRadio4: Is @Youtube a form of folk art?
The #Unpopped podcast looks at the rise and dominance of YouTube and YouTubers with @sophieh‚Ä¶",57
57,0.3164,Thu Apr 05 09:52:41 +0000 2018,0.906,0.0,0.094,@BBC,"RT @bbcasiannetwork: üö´It's your last chance to apply for placements at @BBCR1 @1Xtra and Asian Network in our Where It Begins Scheme! üö´
Wha‚Ä¶",58
58,0.0,Thu Apr 05 09:44:41 +0000 2018,1.0,0.0,0.0,@BBC,"RT @bbcthree: ""Let me guess, your name is Singh?"" and other things not to say to Sikh people. https://t.co/tZLfWssxez",59
59,-0.128,Thu Apr 05 09:06:05 +0000 2018,0.909,0.091,0.0,@BBC,"RT @BBCSport: It was a tough day in the office for this Cypriot gymnast.

#bbcgoldcoast #GC2018 https://t.co/Xmt9bgMyeQ",60
60,-0.4003,Thu Apr 05 08:57:48 +0000 2018,0.886,0.114,0.0,@BBC,"RT @bbcweather: *Public service announcement*
Ladies and gentlemen DO NOT be alarmed! I've checked through our 'big book of weather', and I‚Ä¶",61
61,-0.2023,Thu Apr 05 08:01:06 +0000 2018,0.625,0.229,0.146,@BBC,"üêê No kidding, goat pilates is a real thing. https://t.co/kmuOKupPwB",62
62,0.0,Thu Apr 05 07:33:03 +0000 2018,1.0,0.0,0.0,@BBC,"RT @BBCNewsEnts: Florence + The Machine, @DemiLovato @BastilleDan and @QueensChristine have been added to the line-up for @BBCMusic's Bigge‚Ä¶",63
63,0.7269,Thu Apr 05 07:29:10 +0000 2018,0.643,0.0,0.357,@BBC,"üé®üåÜ Monet in the city: A rarely-seen side of the great Impressionist. 
üëâhttps://t.co/IFaHpevPfG https://t.co/E9UwhYfz32",64
64,-0.5994,Thu Apr 05 07:00:08 +0000 2018,0.738,0.262,0.0,@BBC,Doctor Kathryn Mannix on why we need to talk about death. https://t.co/TlFgCB78Lm,65
65,0.7906,Wed Apr 04 19:05:08 +0000 2018,0.708,0.0,0.292,@BBC,"Tonight, @PatricKielty explores the legacy of Northern Ireland's peace deal, 20 years on. 

My Dad, the Peace Deal‚Ä¶ https://t.co/5xNLeIgiUM",66
66,0.4215,Wed Apr 04 18:02:06 +0000 2018,0.763,0.0,0.237,@BBC,This 83-year-old lingerie model has a powerful message about ageing. https://t.co/F0p12gFvFu,67
67,0.0,Wed Apr 04 17:04:50 +0000 2018,1.0,0.0,0.0,@BBC,RT @BBC6Music: üòç Make a date with Cillian Murphy this Friday from 7-9pm BST as he sits in for @IggyPop. Listen worldwide https://t.co/Dd2ji‚Ä¶,68
68,-0.1531,Wed Apr 04 17:02:05 +0000 2018,0.904,0.096,0.0,@BBC,Don‚Äôt miss the highlights of the #CommonwealthGames Opening Ceremony from Australia‚Äôs Gold Coast.  üè∏üèä‚Äç‚ôÄÔ∏èü§∏ #GC2018‚Ä¶ https://t.co/krMnULo1NJ,69
69,0.0,Wed Apr 04 16:00:29 +0000 2018,1.0,0.0,0.0,@BBC,Does your name match your face? https://t.co/N2kzChM8dc,70
70,0.0,Wed Apr 04 15:03:05 +0000 2018,1.0,0.0,0.0,@BBC,"Animal cloning is becoming more common ‚Äì and cloning extinct species could be on the horizon. 

Could parks and zoo‚Ä¶ https://t.co/WKRdKGZiQE",71
71,0.0,Wed Apr 04 13:05:05 +0000 2018,1.0,0.0,0.0,@BBC,üçïüòÇ A Canadian man has been 'pardoned' by a luxury hotel after his room was ransacked by a flock of pepperoni-loving‚Ä¶ https://t.co/TvU39MT9pl,72
72,-0.296,Wed Apr 04 12:49:56 +0000 2018,0.879,0.121,0.0,@BBC,"RT @BBCYoungMus: The search for the next #bbcyoungmusician begins this Friday with 5 incredible strings finalists@BBCFOUR,7.30. Missed our‚Ä¶",73
73,0.636,Wed Apr 04 12:17:04 +0000 2018,0.729,0.0,0.271,@BBC,"üö®üò± Who's excited to see @LittleMix on Sounds Like Friday Night!?

#SLFN | @BBCOne | Friday, 7.30pm https://t.co/474h2EwXjv",74
74,0.0,Wed Apr 04 12:03:29 +0000 2018,1.0,0.0,0.0,@BBC,"RT @BBCWomansHour: Today #MayaAngelou would have turned 90 üéà Poet, director, ambassador, actor and civil-rights activist were just a few of‚Ä¶",75
75,0.1531,Wed Apr 04 12:00:30 +0000 2018,0.897,0.0,0.103,@BBC,"You can't be 'a bit OCD'.

Challenging some of the common misconceptions about #OCD. https://t.co/nGIf4mMJc4",76
76,0.34,Wed Apr 04 11:02:06 +0000 2018,0.897,0.0,0.103,@BBC,"The Games are here. But how much do you really know about the Commonwealth? 
Play our quiz to find out. 
üëâ‚Ä¶ https://t.co/tQeekDEvWo",77
77,0.4019,Wed Apr 04 10:19:06 +0000 2018,0.891,0.0,0.109,@BBC,"RT @BBCArchive: Dr Martin Luther King speaking with John Freeman on Face to Face.
You can watch the interview in full here: https://t.co/BX‚Ä¶",78
78,0.25,Wed Apr 04 10:09:33 +0000 2018,0.929,0.0,0.071,@BBC,"RT @VictoriaLIVE: ""How will the dream live on in me, in you, in all of us?""

@Oprah Winfrey pays tribute to the civil rights leader Dr Mart‚Ä¶",79
79,0.0,Wed Apr 04 09:16:19 +0000 2018,1.0,0.0,0.0,@BBC,"RT @bbcthesocial: You're never too old for a selfie ‚ù§Ô∏è

@Antonis95K https://t.co/VHihA5XOrY",80
80,-0.5423,Wed Apr 04 09:11:29 +0000 2018,0.791,0.209,0.0,@BBC,"üòÅüòÇ A police force's e-fit of a burglary suspect has been mocked for its resemblance to the Cheshire Cat.
üëâ‚Ä¶ https://t.co/VdkfuAmiFI",81
81,0.6486,Wed Apr 04 08:03:03 +0000 2018,0.739,0.0,0.261,@BBC,üß†üé∂ There's a good reason why this woman was asked to play the flute during brain surgery.  https://t.co/I5FpONxP4f,82
82,0.0,Wed Apr 04 07:29:52 +0000 2018,1.0,0.0,0.0,@BBC,RT @BBCTwo: How did he work this out so quickly?! üò± #UniversityChallenge https://t.co/Lor9fiz59l,83
83,0.6696,Wed Apr 04 07:29:46 +0000 2018,0.817,0.0,0.183,@BBC,"RT @bbcworldservice: The whales who love to sing in the dark üê≥  https://t.co/bm6YjWskkt 

(üîä Turn up the volume for this one!) https://t.co‚Ä¶",84
84,0.25,Wed Apr 04 07:27:06 +0000 2018,0.818,0.0,0.182,@BBC,"Did Martin Luther King achieve his life's dream?
üëâ https://t.co/xZyN5SU62z https://t.co/fpiku6X6FP",85
85,-0.1511,Wed Apr 04 07:00:06 +0000 2018,0.834,0.166,0.0,@BBC,"üòº This seven-week-old jaguar is on a serious mission!  
#BigCatsAboutTheHouse https://t.co/JbiRyVXDCL",86
86,0.0772,Tue Apr 03 20:03:05 +0000 2018,0.929,0.0,0.071,@BBC,"Philomena Cunk's landmark mockumentary series takes us through Britain's history, journeying from the Big Bang to B‚Ä¶ https://t.co/1rF5k3acxy",87
87,0.0,Tue Apr 03 18:03:05 +0000 2018,1.0,0.0,0.0,@BBC,"üé≠ Andrew Scott performs the opening lines of #Shakespeare's most famous soliloquy. 

#Hamlet | Watch on @BBCiPlayer https://t.co/zZ15WjA9CL",88
88,-0.5411,Tue Apr 03 17:03:04 +0000 2018,0.576,0.304,0.119,@BBC,"No time to shop or cook? No problem! 
üç†ü•ëüçÖüçóü•í
These easy recipes only have five ingredients.
üëâ https://t.co/RanWkLFdlU https://t.co/moI1Af2olz",89
89,-0.7351,Tue Apr 03 16:22:33 +0000 2018,0.735,0.265,0.0,@BBC,"RT @BBCTwo: Tonight at 9pm, a cancer surgeon returns from annual leave to find his surgical list has snowballed due to staff shortages. #Ho‚Ä¶",90
90,0.0,Tue Apr 03 16:02:04 +0000 2018,1.0,0.0,0.0,@BBC,üêäüí¶ Fancy a dip? https://t.co/gpfkGcue3C,91
91,0.7351,Tue Apr 03 15:05:05 +0000 2018,0.754,0.0,0.246,@BBC,"What's it like to live with a brain tumour? 
‚ù§Ô∏è Ten-year-old Josh says it's all about staying happy and thinking of‚Ä¶ https://t.co/HbjxBc3vYF",92
92,0.0,Tue Apr 03 14:50:24 +0000 2018,1.0,0.0,0.0,@BBC,RT @BBCR1: Yessssss @NiallOfficial's Live Lounge cover of @juliamichaels' Issues is exactly what we needed today üòá https://t.co/WeYj36TR67,93
93,0.0,Tue Apr 03 14:47:02 +0000 2018,1.0,0.0,0.0,@BBC,RT @BBCFOUR: Meet the woman who rocked the darts world... https://t.co/qMkRuTGDmW,94
94,0.0,Tue Apr 03 14:27:34 +0000 2018,1.0,0.0,0.0,@BBC,RT @TWBBC: Koko is a gorilla who has learnt sign language and even appears to have learnt to lie. This suggests she has a 'theory of mind'‚Ä¶,95
95,0.0,Tue Apr 03 13:15:07 +0000 2018,1.0,0.0,0.0,@BBC,"A Chinese family have been reunited with their daughter after a 24 year search.
üëâ https://t.co/BDR7X4fukg https://t.co/J5BvVEw98q",96
96,0.0,Tue Apr 03 12:57:41 +0000 2018,1.0,0.0,0.0,@BBC,RT @bbccomedy: Philomena Cunk examines the barbaric conditions in which we keep today's dinosaurs. #CunkOnBritain @missdianemorgan https://‚Ä¶,97
97,0.5093,Tue Apr 03 12:41:53 +0000 2018,0.83,0.0,0.17,@BBC,RT @BBCClick: Street Fighter II being played in your street? See how this classic game is brought to life with augmented reality! https://t‚Ä¶,98
98,0.0,Tue Apr 03 12:05:58 +0000 2018,1.0,0.0,0.0,@BBC,#TheSecretHelpers is on @BBCTwo tonight at 7pm. üëâ https://t.co/grtaCChy4G,99
99,0.0,Tue Apr 03 12:02:22 +0000 2018,1.0,0.0,0.0,@BBC,"RT @BBCWales: The 2018 Commonwealth Games open today. Here's @TeamWales diver Aiden Heslop's story...

https://t.co/Rx0JsArMdi",100
100,0.6696,Sat Apr 07 19:35:08 +0000 2018,0.817,0.0,0.183,@CBS,Watch some of the biggest names in golf compete in one of the greatest tournaments of the year! Stream #TheMasters‚Ä¶ https://t.co/e8kbkSLx5k,1
101,0.0,Sat Apr 07 18:28:03 +0000 2018,1.0,0.0,0.0,@CBS,Tonight's the night! Here's a behind-the-scenes look at season 2 of @RansomCBS before the big premiere. Tune in at‚Ä¶ https://t.co/WtRHvufO7H,2
102,0.3612,Sat Apr 07 16:30:02 +0000 2018,0.894,0.0,0.106,@CBS,What song will @DierksBentley belt out when he takes the stage to perform at the 53rd #ACMawards? Get ready to sing‚Ä¶ https://t.co/oEtKJnKQVn,3
103,0.0,Sat Apr 07 15:31:12 +0000 2018,1.0,0.0,0.0,@CBS,"@johnlegend, @mirandalambert, @KeshaRose, and more perform @eltonofficial's hit songs! Watch Elton John: I'm Still‚Ä¶ https://t.co/VF3hf8OCT7",4
104,0.0,Fri Apr 06 21:10:18 +0000 2018,1.0,0.0,0.0,@CBS,Ask 53rd ACM Awards¬Æ host @reba a question and she just may answer it on April 11 at 5:30p ET/2:30p PT when she tak‚Ä¶ https://t.co/DAa5gQS8oX,5
105,0.0,Fri Apr 06 17:00:00 +0000 2018,1.0,0.0,0.0,@CBS,What‚Äôs @eltonofficial's birth name and which of his songs holds the record for biggest selling single of all time?‚Ä¶ https://t.co/N5qkMYCE7e,6
106,0.0,Fri Apr 06 13:45:00 +0000 2018,1.0,0.0,0.0,@CBS,Do you have a question for country music legend and host of the 53rd ACM Awards¬Æ @reba? Write it below for a chance‚Ä¶ https://t.co/yVVDVFpxDM,7
107,0.5859,Thu Apr 05 21:44:00 +0000 2018,0.806,0.0,0.194,@CBS,How well do you know The Academy of Country Music Awards‚Ñ¢? Test your knowledge of Country Music‚Äôs Party of the Year‚Ä¶ https://t.co/lfWAcvAbZa,8
108,0.6597,Thu Apr 05 19:07:48 +0000 2018,0.759,0.0,0.241,@CBS,"RT @CodeBlackCBS: The intensity and emotions of your favorite show are returning to @CBS in 3 weeks.

Get excited. https://t.co/aGUNIPwRjh",9
109,-0.3875,Thu Apr 05 17:00:00 +0000 2018,0.769,0.157,0.074,@CBS,"Don't miss @littlebigtown's amazing performance of @eltonofficial's ""Rocket Man"" under the big spotlight at Elton J‚Ä¶ https://t.co/bqse7nhkV3",10
110,0.807,Wed Apr 04 22:07:01 +0000 2018,0.687,0.0,0.313,@CBS,Today's biggest stars are celebrating @EltonJohn's most beloved and legendary catalogue of hits with two albums dro‚Ä¶ https://t.co/cilUdkKtjQ,11
111,0.7568,Wed Apr 04 21:48:07 +0000 2018,0.712,0.0,0.288,@CBS,"RT @LifeInPiecesCBS: We ""literally can't even"" with how hilarious these #LifeInPieces outtakes are! üòÇ

Introducing Laughing To Pieces! Foll‚Ä¶",12
112,0.8495,Wed Apr 04 21:47:26 +0000 2018,0.634,0.0,0.366,@CBS,"RT @YoungSheldon: Don't miss guest star @Followtheblonde in tomorrow's all-new #YoungSheldon! Trust us, you're going to love every minute.‚Ä¶",13
113,0.4926,Wed Apr 04 21:46:13 +0000 2018,0.803,0.0,0.197,@CBS,RT @MomCBS: Tomorrow's episode of #Mom is going to be a doggone good one! https://t.co/e1WI3uOxVg,14
114,-0.3182,Wed Apr 04 21:44:17 +0000 2018,0.905,0.095,0.0,@CBS,RT @survivorcbs: There's a lot at stake when competing for actual steak. Get a glimpse at an all-new #Survivor: Ghost Island at 8/7c on CBS‚Ä¶,15
115,-0.25,Wed Apr 04 18:02:13 +0000 2018,0.867,0.133,0.0,@CBS,RT @TVLine: #LifeInPieces Sneak Peek: Sophia and Her Stuffed Toys Stage a Musical¬†Protest https://t.co/r16SLZlZPc,16
116,0.0,Tue Apr 03 23:00:00 +0000 2018,1.0,0.0,0.0,@CBS,Whose catchy tune will take Song Of The Year at the 53rd #ACMawards? Give it up for the four nominees -‚Ä¶ https://t.co/R9MtUNZtsw,17
117,0.0,Tue Apr 03 21:00:02 +0000 2018,1.0,0.0,0.0,@CBS,"Here's everything you need to know before tuning into Elton John: I'm Still Standing - A GRAMMY¬Æ Salute on Tuesday,‚Ä¶ https://t.co/C8fiKl4j98",18
118,0.7096,Tue Apr 03 18:00:00 +0000 2018,0.742,0.0,0.258,@CBS,"In just one week, @eltonofficial and today's hottest stars in music will join together to celebrate Elton's countle‚Ä¶ https://t.co/ACQGHNWz8u",19
119,0.7906,Tue Apr 03 05:17:01 +0000 2018,0.579,0.0,0.421,@CBS,Tonight we #LightItUpBlue for greater understanding and acceptance. CBS supports #WorldAutismAwarenessDay by lighti‚Ä¶ https://t.co/hBAXcDvP4r,20
120,0.1513,Mon Apr 02 17:30:00 +0000 2018,0.792,0.092,0.116,@CBS,No one does it quite like @eltonofficial. The artist himself will belt out some of his chart-topping hits on Elton‚Ä¶ https://t.co/ckY4bUvTXI,21
121,0.6486,Sun Apr 01 17:00:03 +0000 2018,0.798,0.0,0.202,@CBS,The Las Vegas strip is about to light up brighter than ever before when Country Music‚Äôs Party Of The Year¬Æ takes ov‚Ä¶ https://t.co/j1A2ZVHAoO,22
122,0.0,Sat Mar 31 18:00:00 +0000 2018,1.0,0.0,0.0,@CBS,"‚ÄúIf you don‚Äôt do something about it, then who are you? ‚Ä¶ It can happen to anyone.‚Äù - @aplusk 

Tonight at 10/9c, a‚Ä¶ https://t.co/EQabNc1UZI",23
123,0.4199,Sat Mar 31 15:30:00 +0000 2018,0.887,0.0,0.113,@CBS,Give it up for @KelseaBallerini! This star is one of the Female Vocalist Of The Year nominees and she's ready to ta‚Ä¶ https://t.co/wLyHwkEGs2,24
124,0.4926,Fri Mar 30 16:50:00 +0000 2018,0.873,0.0,0.127,@CBS,Take and post a photo of the woman in your life who inspires you! The photo should only have one person against a n‚Ä¶ https://t.co/BHdxXlWfKP,25
125,0.0,Thu Mar 29 17:32:40 +0000 2018,1.0,0.0,0.0,@CBS,"Expect epic performances by @kanebrown , @kelly_clarkson, @OfficialJackson, and more at this year's 53rd #ACMawards‚Ä¶ https://t.co/3yso7Z0cjv",26
126,0.0,Thu Mar 29 17:30:02 +0000 2018,1.0,0.0,0.0,@CBS,"Will @HIGHVALLEY, @LancoMusic, @LOCASHmusic, @MidlandOfficial, or @runawayjune be named New Vocal Duo Or Group Of T‚Ä¶ https://t.co/v0QIPLC47R",27
127,0.3818,Tue Mar 27 21:00:01 +0000 2018,0.68,0.108,0.212,@CBS,Count on Entertainer Of The Year nominee @LukeBryanOnline to crash the party with an epic performance at the 53rd‚Ä¶ https://t.co/27ua60HTqu,28
128,0.296,Tue Mar 27 17:00:00 +0000 2018,0.901,0.0,0.099,@CBS,Join @eltonofficial and some of today's hottest names in music when they take the stage to perform his most memorab‚Ä¶ https://t.co/jz0jaShZIj,29
129,0.508,Mon Mar 26 22:14:25 +0000 2018,0.88,0.0,0.12,@CBS,"RT @ACMawards: The ACM for New Vocal Group of the Year goes to @MidlandOfficial! And yes, that really was @Reba on the phone! #ACMawards ht‚Ä¶",30
130,0.0,Mon Mar 26 20:42:48 +0000 2018,1.0,0.0,0.0,@CBS,"RT @ACMawards: In case you didn‚Äôt know, the ACM for New Male Vocalist of the Year goes to @BrettYoungMusic. Check out his reaction when @Re‚Ä¶",31
131,0.7959,Mon Mar 26 16:59:19 +0000 2018,0.786,0.0,0.214,@CBS,RT @ACMawards: Over the weekend @Reba called the ACM New Artist of the Year winners to let them know they had won! Let‚Äôs just say our New F‚Ä¶,32
132,0.807,Mon Mar 26 16:05:18 +0000 2018,0.622,0.0,0.378,@CBS,"Congratulations to the 53rd #ACMawards New Artist winners @Lauren_Alaina, @MidlandOfficial, and @BrettYoungMusic! W‚Ä¶ https://t.co/Fr8H4arwGj",33
133,0.0,Sun Mar 25 23:57:34 +0000 2018,1.0,0.0,0.0,@CBS,New start times in East/Central Time Zones #60Minutes 7:35ET/6:35CT #Instinct  8:35ET/7:35CT #NCISLA 9:35ET/8:35CT‚Ä¶ https://t.co/8W5hAeLrvs,34
134,0.5319,Sun Mar 25 17:15:25 +0000 2018,0.78,0.062,0.157,@CBS,Don‚Äôt miss a minute of the action. Stream the¬†Elite Eight¬Æ¬†games LIVE today starting at 2PM ET with a FREE trial of‚Ä¶ https://t.co/8NwU8HdiHR,35
135,0.5399,Sat Mar 24 22:46:53 +0000 2018,0.801,0.0,0.199,@CBS,RT @MomCBS: That's a wrap on the #Mom panel at #PaleyFest! Thanks for following along! https://t.co/we4JgqPt6P,36
136,-0.34,Sat Mar 24 22:46:43 +0000 2018,0.7,0.185,0.115,@CBS,RT @MomCBS: A fan just commented that #Mom helped bring him out of a deep depression. üíúüíúüíú #PaleyFest,37
137,0.7003,Sat Mar 24 22:25:03 +0000 2018,0.791,0.0,0.209,@CBS,"RT @MomCBS: ""Go out for it anyway. If you're good for the role, you're good for the role."" @theJaimePressly's advice for aspiring actors wi‚Ä¶",38
138,0.0,Sat Mar 24 22:21:37 +0000 2018,1.0,0.0,0.0,@CBS,RT @MomCBS: Mom Co-Creator @GemmaRBaker just pointed out her own #Mom in the audience at #PaleyFest! üíú,39
139,0.0,Sat Mar 24 22:21:34 +0000 2018,1.0,0.0,0.0,@CBS,"RT @MomCBS: ""I'm not someone in recovery who goes to AA, but I have taken so much away from it...to take one day at a time."" - @theJaimePre‚Ä¶",40
140,0.7184,Sat Mar 24 22:21:26 +0000 2018,0.667,0.0,0.333,@CBS,"RT @MomCBS: ""You get to appreciate working with such talented people."" - @AnnaKFaris #Mom #PaleyFest",41
141,0.9451,Sat Mar 24 22:21:23 +0000 2018,0.58,0.0,0.42,@CBS,RT @MomCBS: ‚ÄúI love this job. I love working with these women. I love working in front of the live audience‚Ä¶ It‚Äôs alive and it‚Äôs fun.‚Äù - @A‚Ä¶,42
142,0.0,Sat Mar 24 20:00:02 +0000 2018,1.0,0.0,0.0,@CBS,"Get on your feet for @Jason_Aldean, @ThomasRhett, @ChrisStapleton, @KeithUrban, and @ChrisYoungMusic, the five nomi‚Ä¶ https://t.co/oT5ogjdj4x",43
143,0.6996,Fri Mar 23 22:33:52 +0000 2018,0.806,0.0,0.194,@CBS,Get ready for some sweet games! Stream #5 Clemson vs #1 Kansas LIVE at 7PM ET and #11 Syracuse vs #2 Duke LIVE at 9‚Ä¶ https://t.co/4WstgrKNnW,44
144,0.4939,Fri Mar 23 22:33:04 +0000 2018,0.686,0.0,0.314,@CBS,RT @SEALTeamCBS: In honor of #NationalPuppyDay... üòç #SEALTeam https://t.co/4mIZPpiRlU,45
145,0.8997,Fri Mar 23 22:32:48 +0000 2018,0.645,0.0,0.355,@CBS,"RT @HawaiiFive0CBS: Nothing like a man and his dog! üòçüê∂ Happy #NationalPuppyDay to Eddie, the best pup on the Five-0 Task Force! #H50 https:‚Ä¶",46
146,0.0,Thu Mar 22 22:10:29 +0000 2018,1.0,0.0,0.0,@CBS,Game on! 16 teams left and the race to the finish continues tonight. Stream #11 Loyola-Chicago vs #7 Nevada LIVE at‚Ä¶ https://t.co/W374rmzzoC,47
147,0.7081,Thu Mar 22 20:52:02 +0000 2018,0.623,0.066,0.311,@CBS,Save the date! These are season finales you do NOT want to miss. RT if you're excited! https://t.co/UUQoWsPPSh https://t.co/cDl4WmxMtU,48
148,0.636,Thu Mar 22 00:23:38 +0000 2018,0.802,0.0,0.198,@CBS,Congratulations to all of the @CBSDaytime nominees for the #DaytimeEmmys! See the full list of #DaytimeEmmy nominee‚Ä¶ https://t.co/ivJVJWvfsf,49
149,0.0,Wed Mar 21 18:00:01 +0000 2018,1.0,0.0,0.0,@CBS,Female Vocalist Of The Year nominee @MarenMorris will show her fans how it‚Äôs done when she takes the stage to showc‚Ä¶ https://t.co/PITjmAoFT8,50
150,0.5106,Tue Mar 20 20:00:01 +0000 2018,0.858,0.0,0.142,@CBS,The legendary @Reba returns to host the 53rd #ACMawards and she‚Äôs proving just how comfortable she is behind the mi‚Ä¶ https://t.co/XPXcSPRXqC,51
151,0.0,Tue Mar 20 17:58:43 +0000 2018,1.0,0.0,0.0,@CBS,RT @nancyodell: Told my daughter I'd be presenting at @ACMawards again this year. (Woot woot!We both luv country music!)She took this pic o‚Ä¶,52
152,0.5562,Tue Mar 20 16:52:42 +0000 2018,0.826,0.0,0.174,@CBS,RT @ladyantebellum: Ecstatic to announce we'll be performing at the #ACMawards in Las Vegas again this year! https://t.co/Qfhs94j6FR,53
153,0.0,Tue Mar 20 16:11:00 +0000 2018,1.0,0.0,0.0,@CBS,"Country superstars @kennychesney, @ladyantebellum, @blakeshelton, and @KeithUrban have just been added to the stell‚Ä¶ https://t.co/bJ4If7MacP",54
154,0.7845,Mon Mar 19 21:02:26 +0000 2018,0.619,0.072,0.309,@CBS,"RT @YandR_CBS: Forever evolving, Forever inspiring, Forever Young and Restless. ‚ù§Ô∏è Get ready to celebrate 45 years of #YR starting in just‚Ä¶",55
155,0.0,Sun Mar 18 23:44:30 +0000 2018,1.0,0.0,0.0,@CBS,New start times in East/Central Time Zones: #60Minutes 7:37ET/6:37CT #Instinct series premiere 8:37ET/7:37CT‚Ä¶ https://t.co/xT3YKqmu2M,56
156,0.6514,Sun Mar 18 18:05:43 +0000 2018,0.787,0.0,0.213,@CBS,Spend your Sunday streaming Second Round games LIVE with a FREE trial of CBS All Access! https://t.co/3P85rXLy4b https://t.co/zbWfirD9Ju,57
157,0.1867,Sun Mar 18 17:09:53 +0000 2018,0.92,0.0,0.08,@CBS,"RT @instinctcbs: TONIGHT, Dr. Dylan Reinhart rewrites the book on abnormal behavior. Don't miss the premiere of #Instinct at 8/7c! https://‚Ä¶",58
158,0.0,Sat Mar 17 19:00:02 +0000 2018,1.0,0.0,0.0,@CBS,"If any duo knows how to rock the stage, it's @FLAGALine. The Vocal Duo Of The Year nominee will perform live at the‚Ä¶ https://t.co/FknabB8NQp",59
159,0.6166,Sat Mar 17 17:42:43 +0000 2018,0.839,0.0,0.161,@CBS,How is your bracket looking after last night? Stream Second Round games LIVE today with a FREE trial of CBS All Acc‚Ä¶ https://t.co/25JlIpgwog,60
160,0.7096,Sat Mar 17 14:00:03 +0000 2018,0.753,0.0,0.247,@CBS,Where better to spend #StPatricksDay than the place everybody knows your name? It‚Äôs just your luck that every singl‚Ä¶ https://t.co/Fom5wmdENL,61
161,0.296,Fri Mar 16 22:53:21 +0000 2018,0.896,0.0,0.104,@CBS,Stars @JakeMcDorman and Nik Dodani will join the cast in the upcoming revival of Murphy Brown coming to CBS.‚Ä¶ https://t.co/JCAx29lo0i,62
162,0.0,Fri Mar 16 18:15:53 +0000 2018,1.0,0.0,0.0,@CBS,"RT @thegoodfight: Go behind the scenes with costume designer @DanLawsonStyle in ""Behind The Style,"" a new weekly video series all about the‚Ä¶",63
163,0.6514,Fri Mar 16 16:28:40 +0000 2018,0.822,0.0,0.178,@CBS,The games have just begun! Continue to stream First Round games LIVE today with a FREE trial of CBS All Access:‚Ä¶ https://t.co/YTGsJ48zYP,64
164,0.7088,Thu Mar 15 17:54:06 +0000 2018,0.763,0.0,0.237,@CBS,"RT @TheTalkCBS: You asked, we answered! The fun never ends when the ladies #KeepTalking and answer your fan questions üó£üí¨‚û°Ô∏è https://t.co/ie1‚Ä¶",65
165,-0.4939,Thu Mar 15 17:20:26 +0000 2018,0.766,0.157,0.077,@CBS,RT @instinctcbs: Dr. Dylan Reinhart is lured back into the field from his life of quiet academia when a certain serial killer makes things‚Ä¶,66
166,0.6514,Thu Mar 15 16:42:41 +0000 2018,0.806,0.0,0.194,@CBS,Stream First Round games LIVE today starting at 12PM ET with a FREE trial of CBS All Access! https://t.co/3P85rXLy4b https://t.co/vZow3YD8cb,67
167,0.6115,Thu Mar 15 14:32:16 +0000 2018,0.734,0.0,0.266,@CBS,RT @CBSSports: It's the most wonderful time of the year. #MarchMadness https://t.co/e4c9qohqSR,68
168,0.6696,Wed Mar 14 19:30:01 +0000 2018,0.781,0.0,0.219,@CBS,"Give these ladies some love! @Lauren_Alaina, @DBradbery, @carlypearce, and @RaeLynn are nominated for New Female Vo‚Ä¶ https://t.co/IVhwURfJ3S",69
169,0.3612,Tue Mar 13 18:48:52 +0000 2018,0.857,0.0,0.143,@CBS,"RT @ManWithAPlan: Hungry for more #ManWithAPlan bloopers and behind-the-scenes videos featuring cast like @matt_leblanc, @thelizasnyder, @k‚Ä¶",70
170,0.539,Tue Mar 13 14:15:10 +0000 2018,0.821,0.0,0.179,@CBS,"Music stars @MileyCyrus, @edsheeran, @ladygaga, and more will honor the legendary @eltonofficial and his hit songs‚Ä¶ https://t.co/UzxARCCLnI",71
171,0.2244,Mon Mar 12 18:13:28 +0000 2018,0.917,0.0,0.083,@CBS,RT @thegoodfight: The verdict is in. The new season of #TheGoodFight is üî•üî•üî•! Stream it now on CBS All Access: https://t.co/FkYSNSXlRb https‚Ä¶,72
172,0.0,Mon Mar 12 01:20:43 +0000 2018,1.0,0.0,0.0,@CBS,"RT @MadamSecretary: In less than an hour, #MadamSecretary's Keith Carradine will be taking over the @MadamSecretary Twitter page! Tweet alo‚Ä¶",73
173,0.4926,Fri Mar 09 22:48:26 +0000 2018,0.883,0.0,0.117,@CBS,RT @DierksBentley: Take and post a photo of the woman in your life who inspires you daily! Use the hashtag #WomanAmenACM in your post for a‚Ä¶,74
174,0.1275,Fri Mar 09 22:24:20 +0000 2018,0.795,0.092,0.113,@CBS,"RT @MomCBS: If you missed guest star @KChenoweth in the latest episode of #Mom, not to worry! Watch now: https://t.co/RlvXoGOZ0l https://t.‚Ä¶",75
175,0.4215,Fri Mar 09 21:10:21 +0000 2018,0.823,0.0,0.177,@CBS,"Give a round of applause to @KelseaBallerini, @MirandaLambert, @Reba, @MarenMorris, and @CarrieUnderwood, the five‚Ä¶ https://t.co/Ncp1BTXx6N",76
176,0.8658,Fri Mar 09 18:27:28 +0000 2018,0.553,0.0,0.447,@CBS,"RT @thegoodfight: Smart, sexy, and sophisticated. See what's coming this season on #TheGoodFight. https://t.co/CuKhx2G50P https://t.co/ygTI‚Ä¶",77
177,0.0,Fri Mar 09 16:02:27 +0000 2018,1.0,0.0,0.0,@CBS,RT @BlueBloods_CBS: Even stand-up guys fall down sometimes. #BlueBloods is new tonight at 10/9c! https://t.co/UOlDm22wWW,78
178,0.8625,Thu Mar 08 18:00:49 +0000 2018,0.664,0.0,0.336,@CBS,Today and every day we celebrate the women in our lives who empower and inspire us. Share a story about an¬†influent‚Ä¶ https://t.co/9rVtqrElvT,79
179,0.4926,Thu Mar 08 17:03:04 +0000 2018,0.868,0.0,0.132,@CBS,Take and post a photo of the woman in your life who inspires you daily! Use the hashtag #WomanAmenACM in your post‚Ä¶ https://t.co/7ShhvE48zy,80
180,-0.2023,Wed Mar 07 18:39:10 +0000 2018,0.619,0.23,0.15,@CBS,"RT @thegoodfight: Meticulously constructed. Soapy &amp; sexy. Intoxicating, savage television. üî• Here's what critics are saying about #TheGoodF‚Ä¶",81
181,0.0,Wed Mar 07 17:06:02 +0000 2018,1.0,0.0,0.0,@CBS,"This just in! @Jason_Aldean, @mirandalambert, @LukeBryanOnline, and many more are set to perform at the 53rd Academ‚Ä¶ https://t.co/mfxw2VxzU4",82
182,0.6705,Tue Mar 06 18:10:59 +0000 2018,0.756,0.0,0.244,@CBS,"Meet the ensemble of talented actors slated to join $1, a new mystery series coming to CBS All Access:‚Ä¶ https://t.co/QoyYv7vxwg",83
183,0.3818,Mon Mar 05 22:16:43 +0000 2018,0.833,0.0,0.167,@CBS,"Will @Jason_Aldean, @garthbrooks, @LukeBryanOnline, @ChrisStapleton, or @KeithUrban be named Entertainer Of The Yea‚Ä¶ https://t.co/rMD8zjeX3s",84
184,0.4404,Sun Mar 04 08:05:26 +0000 2018,0.884,0.0,0.116,@CBS,"RT @thegoodfight: It feels good to be back. üë†üíÑüî• The season 2 premiere of #TheGoodFight is now streaming, exclusively on CBS All Access: htt‚Ä¶",85
185,0.0,Sat Mar 03 20:55:20 +0000 2018,1.0,0.0,0.0,@CBS,"RT @thegoodfight: Tomorrow, #TheGoodFight is back. Stream the season 2 premiere only on CBS All Access: https://t.co/tNFR8LBJO2 https://t.c‚Ä¶",86
186,0.7096,Fri Mar 02 22:30:01 +0000 2018,0.753,0.0,0.247,@CBS,"Who are the trailblazing women in your life that inspire you? Join CBS and the ANA's #SeeHer initiative, celebratin‚Ä¶ https://t.co/M0KqZ41Bes",87
187,0.7096,Fri Mar 02 20:30:01 +0000 2018,0.718,0.0,0.282,@CBS,"Join @maria_bello, @aishatyler and @TeaLeoni in celebrating the accomplishments of women who have contributed to th‚Ä¶ https://t.co/MefESBeFL3",88
188,0.4939,Fri Mar 02 18:45:00 +0000 2018,0.849,0.0,0.151,@CBS,"In honor of Women's History Month, CBS and the Association of National Advertisers' (ANA) #SeeHer initiative will p‚Ä¶ https://t.co/2wtYxKJVuO",89
189,-0.6981,Thu Mar 01 18:59:01 +0000 2018,0.79,0.21,0.0,@CBS,RT @ZoeListerJones: Tonight‚Äôs an all new Life In Pieces and it‚Äôs directed by my ride or die @nataliaanderson!!!‚Ä¶ https://t.co/2LPfmyLWrY,90
190,0.4547,Thu Mar 01 18:12:57 +0000 2018,0.749,0.092,0.159,@CBS,"RT @MarenMorris: Hot damn! Woke up from my post-wisdom teeth haze to find out I‚Äôm up for 4 @ACMawards ! So honored, especially for the Dear‚Ä¶",91
191,0.8591,Thu Mar 01 18:11:50 +0000 2018,0.462,0.0,0.538,@CBS,RT @KelseaBallerini: Ohhhhh goodness. Incredible. Thank you thank you thank you. #female https://t.co/1ZTYjNfQeF,92
192,0.4885,Thu Mar 01 18:10:50 +0000 2018,0.615,0.151,0.234,@CBS,RT @KeithUrban: ACMs...... HOLY SMOKES!!!!! MAD LOVE TO U ALL THIS MORNING  FOR THESE INCREDIBLE NOMINATIONS. I‚ÄôM EXTREMELY GRATEFUL!!!!!!!‚Ä¶,93
193,0.5994,Thu Mar 01 14:36:21 +0000 2018,0.822,0.0,0.178,@CBS,"RT @ACMawards: Congratulations to this year‚Äôs #ACMawards Video of the Year nominees:
‚ÄúBlack‚Äù - @DierksBentley
‚ÄúIt Ain‚Äôt My Fault‚Äù - @Brothe‚Ä¶",94
194,0.7717,Thu Mar 01 14:29:20 +0000 2018,0.675,0.0,0.325,@CBS,"RT @ACMawards: Please give a round of applause to this year‚Äôs #ACMawards Entertainer of the Year nominees: @Jason_Aldean, @GarthBrooks, @Lu‚Ä¶",95
195,0.6908,Thu Mar 01 14:15:29 +0000 2018,0.725,0.0,0.275,@CBS,".@ChrisStapleton, @ThomasRhett, @mirandalambert and more are all nominated for awards at Country Music's Party of t‚Ä¶ https://t.co/Vm1vXRUDYJ",96
196,0.0,Thu Mar 01 13:50:11 +0000 2018,1.0,0.0,0.0,@CBS,"The Queen of Country, @Reba, is returning to host the 53rd #ACMawards on Sunday, April 15 at 8/7c. Here are a few o‚Ä¶ https://t.co/Iqzz6Gql01",97
197,0.0,Thu Mar 01 01:04:52 +0000 2018,1.0,0.0,0.0,@CBS,RT @survivorcbs: It‚Äôs time! #Survivor https://t.co/YPk6cGWrUA,98
198,0.0,Wed Feb 28 19:56:58 +0000 2018,1.0,0.0,0.0,@CBS,"RT @CBSThisMorning: TOMORROW: The nominees for the 2018 @ACMawards will be announced live by the one-and-only, @Reba! 

Watch on @CBS in ou‚Ä¶",99
199,0.4404,Wed Feb 28 19:08:30 +0000 2018,0.884,0.0,0.116,@CBS,"RT @thegoodfight: From the set design and costumes to hair and makeup, the production quality is truly next-level. Take a peek inside the u‚Ä¶",100
200,-0.8271,Sun Apr 08 01:34:32 +0000 2018,0.648,0.352,0.0,@cnnbrk,"A woman was killed and four other people were injured by a lightning strike in White Springs, Florida, the sheriff'‚Ä¶ https://t.co/E8OmlCC3yb",1
201,-0.8271,Sun Apr 08 00:27:18 +0000 2018,0.686,0.314,0.0,@cnnbrk,"At least one person has died in the fire at Trump Tower in New York. Four firefighters were injured, officials say.‚Ä¶ https://t.co/6RefMrsIdh",2
202,-0.802,Sun Apr 08 00:18:20 +0000 2018,0.725,0.275,0.0,@cnnbrk,The body of a female was found in the immediate vicinity of a crash in California that killed at least 5 members of‚Ä¶ https://t.co/8X31g9PQvu,3
203,-0.8225,Sat Apr 07 23:49:19 +0000 2018,0.703,0.297,0.0,@cnnbrk,Several Syrian activist groups say a toxic gas attack killed dozens of people in Ghouta. The Syrian regime says it'‚Ä¶ https://t.co/ypWGIYyAnd,4
204,-0.802,Sat Apr 07 23:29:39 +0000 2018,0.603,0.397,0.0,@cnnbrk,"1 person was seriously injured in a four-alarm fire at Trump Tower, the New York City Fire Department says‚Ä¶ https://t.co/Lpxzxz6GXs",5
205,-0.7783,Sat Apr 07 21:50:00 +0000 2018,0.605,0.274,0.121,@cnnbrk,"RT @CNNPolitics: With 16 service members killed in air crashes, a top lawmaker says the ""readiness of the military is at a crisis point"" ht‚Ä¶",6
206,-0.8225,Sat Apr 07 20:06:10 +0000 2018,0.691,0.309,0.0,@cnnbrk,"The driver in the vehicle attack in Muenster, Germany, that killed two people was a German citizen, a senior German‚Ä¶ https://t.co/rlxpHTjXyN",7
207,-0.6705,Sat Apr 07 19:58:27 +0000 2018,0.8,0.2,0.0,@cnnbrk,"Four teenagers who killed a man in Toledo, Ohio, when they dropped a sandbag from a highway overpass have been orde‚Ä¶ https://t.co/JXmWtdoEyj",8
208,-0.6486,Sat Apr 07 16:00:34 +0000 2018,0.807,0.193,0.0,@cnnbrk,Several people are dead after a vehicle drove into a crowd in Germany. Authorities are treating the incident as a d‚Ä¶ https://t.co/XhtGw5KL4F,9
209,0.0,Sat Apr 07 14:10:44 +0000 2018,1.0,0.0,0.0,@cnnbrk,"RT @CNNPolitics: Secret, direct talks are underway between the US and North Korea https://t.co/fqASxSS3k2 https://t.co/yh3yvF6lD7",10
210,-0.3818,Sat Apr 07 10:58:13 +0000 2018,0.752,0.159,0.088,@cnnbrk,"Bollywood superstar Salman Khan was granted bail Saturday just a day after he was convicted of illegal poaching, hi‚Ä¶ https://t.co/BxI1QeRLkX",11
211,-0.7906,Sat Apr 07 08:18:29 +0000 2018,0.696,0.304,0.0,@cnnbrk,A crash between a tractor-trailer and a bus carrying a junior league hockey team left 14 people dead in western Can‚Ä¶ https://t.co/AtTf5G33U2,12
212,-0.7906,Sat Apr 07 07:58:48 +0000 2018,0.696,0.304,0.0,@cnnbrk,A crash between a bus carrying a junior league hockey team and a tractor-trailor left 14 people dead in western Can‚Ä¶ https://t.co/G2xzwQhedu,13
213,-0.6808,Sat Apr 07 02:16:52 +0000 2018,0.72,0.28,0.0,@cnnbrk,"Longtime Trump confidant Roger Stone warns the President could get caught in a ""perjury trap"" if he talks with spec‚Ä¶ https://t.co/wZVnzZokEx",14
214,-0.5859,Sat Apr 07 01:57:36 +0000 2018,0.84,0.16,0.0,@cnnbrk,Lawyers for Bill Cosby are asking for a juror in his sexual assault trial to be removed after another prospective j‚Ä¶ https://t.co/LZlHuugeqm,15
215,0.5267,Sat Apr 07 01:02:53 +0000 2018,0.848,0.0,0.152,@cnnbrk,Justice Department will let all House and Senate intel committee members review the application DOJ and the FBI use‚Ä¶ https://t.co/14B8UxiXr8,16
216,0.0,Sat Apr 07 00:01:56 +0000 2018,1.0,0.0,0.0,@cnnbrk,RT @CNNMoney: Boeing clinches deal to sell 47 jets to American Airlines https://t.co/p9BGbSLdM9 https://t.co/jfXe2p3Z9u,17
217,0.5574,Sat Apr 07 00:01:51 +0000 2018,0.777,0.0,0.223,@cnnbrk,A 9-day student sit-in at Howard University ended after officials agreed to give students a greater voice in univer‚Ä¶ https://t.co/hW9ovl9V80,18
218,0.4019,Fri Apr 06 23:09:31 +0000 2018,0.847,0.0,0.153,@cnnbrk,"President Trump has begun informally preparing for a possible interview with special counsel Robert Mueller, source‚Ä¶ https://t.co/PoIVMCSPzY",19
219,0.4404,Fri Apr 06 22:08:39 +0000 2018,0.813,0.0,0.187,@cnnbrk,Exclusive: A Trump foreign policy adviser played key role in the pursuit of possible Hillary Clinton emails from th‚Ä¶ https://t.co/aT39dQgnPA,20
220,0.0,Fri Apr 06 21:40:58 +0000 2018,1.0,0.0,0.0,@cnnbrk,RT @CNNPolitics: A classified ads website that has allegedly facilitated prostitution and sex trafficking has been seized by federal law en‚Ä¶,21
221,-0.4497,Fri Apr 06 20:16:34 +0000 2018,0.886,0.114,0.0,@cnnbrk,"Dow closes down more than 570 points. Stocks are still settling, but it‚Äôll be a loss of more than 2% for the Dow. F‚Ä¶ https://t.co/KFqOSSuW0T",22
222,-0.5574,Fri Apr 06 19:05:41 +0000 2018,0.765,0.235,0.0,@cnnbrk,"The Dow has fallen more than 700 points on Friday, a drop of more than 2% https://t.co/UaK4VSjnsN https://t.co/3iospNTj51",23
223,-0.34,Fri Apr 06 18:07:07 +0000 2018,0.862,0.138,0.0,@cnnbrk,RT @CNNMoney: Facebook overhauls rules for political and issue ads to combat election meddling https://t.co/kCBRkgNY6c https://t.co/oSoaDam‚Ä¶,24
224,0.34,Fri Apr 06 17:15:12 +0000 2018,0.882,0.0,0.118,@cnnbrk,"FBI offers $10,000 for information leading to the capture of a contract airline mechanic who may have played a role‚Ä¶ https://t.co/mY8ryhAImV",25
225,-0.765,Fri Apr 06 13:32:18 +0000 2018,0.678,0.322,0.0,@cnnbrk,"Former Russian spy Sergei Skripal is no longer in critical condition following last month's nerve agent attack, UK‚Ä¶ https://t.co/bIHFRpn9iO",26
226,0.0,Fri Apr 06 13:02:49 +0000 2018,1.0,0.0,0.0,@cnnbrk,RT @CNNPolitics: BREAKING: The Trump administration unleashes additional sanctions against seven Russian oligarchs with ties to President V‚Ä¶,27
227,-0.2023,Fri Apr 06 12:40:57 +0000 2018,0.773,0.132,0.095,@cnnbrk,"The US economy added 103,000 jobs in March, slower than previous months and well below expectations. Unemployment r‚Ä¶ https://t.co/V5TtRqrBty",28
228,-0.6369,Fri Apr 06 08:34:12 +0000 2018,0.577,0.312,0.112,@cnnbrk,Ultimate Fighting Championship star Conor McGregor was charged with three counts of assault and one count of crimin‚Ä¶ https://t.co/yE1S0EYiRH,29
229,-0.7906,Fri Apr 06 07:08:50 +0000 2018,0.708,0.292,0.0,@cnnbrk,"A South Korean court has found former President Park Geun-hye guilty on multiple counts of abuse of power, bribery‚Ä¶ https://t.co/sfMgblKLu8",30
230,-0.4019,Fri Apr 06 03:44:20 +0000 2018,0.638,0.238,0.123,@cnnbrk,Ultimate Fighting Championship star Conor McGregor turned himself in Thursday evening after an alleged bus attack h‚Ä¶ https://t.co/HnOC6jmWKm,31
231,0.4019,Fri Apr 06 03:03:48 +0000 2018,0.87,0.0,0.13,@cnnbrk,RT @CNNPolitics: Special counsel Robert Mueller's prosecutors reveal that they're using information related to the searches of Paul Manafor‚Ä¶,32
232,-0.802,Fri Apr 06 03:03:43 +0000 2018,0.725,0.275,0.0,@cnnbrk,"RT @CNNPolitics: Vice President Mike Pence recalls meeting the ""courageous"" US Air Force Thunderbird pilot who was killed in a crash https:‚Ä¶",33
233,-0.6124,Thu Apr 05 23:26:35 +0000 2018,0.702,0.231,0.066,@cnnbrk,"Trump threatened to slap an additional $100 billion in tariffs on China, the latest in a tit-for-tat trade fight be‚Ä¶ https://t.co/glD5LKAuNZ",34
234,0.0,Thu Apr 05 21:27:06 +0000 2018,1.0,0.0,0.0,@cnnbrk,"Trump says he did not know about a $130,000 hush payment made to Stormy Daniels, his first public acknowledgment of‚Ä¶ https://t.co/ePfhNl8eFB",35
235,0.3182,Thu Apr 05 19:13:22 +0000 2018,0.83,0.057,0.114,@cnnbrk,Sears and Delta Air Lines say some customer credit card information may have been exposed in a data breach last yea‚Ä¶ https://t.co/TEe5tYNiUu,36
236,-0.296,Thu Apr 05 17:22:41 +0000 2018,0.891,0.109,0.0,@cnnbrk,The body of missing CDC scientist Timothy Cunningham is found in an Atlanta river. Police called his disappearance‚Ä¶ https://t.co/FcitNsKYBM,37
237,-0.5106,Thu Apr 05 17:03:50 +0000 2018,0.731,0.21,0.059,@cnnbrk,"Local official says no casualties reported after a fire breaks out at a hospital in Istanbul, causing a number of p‚Ä¶ https://t.co/JOmhu3NbFY",38
238,-0.3182,Thu Apr 05 17:03:35 +0000 2018,0.892,0.108,0.0,@cnnbrk,US military halts air operations in Djibouti after multiple accidents and at the request of officials there. The Ea‚Ä¶ https://t.co/UTTKirhl2H,39
239,0.0,Thu Apr 05 15:02:15 +0000 2018,1.0,0.0,0.0,@cnnbrk,"A rare surgeon general's advisory urges more Americans to carry naloxone, a drug also known as Narcan that reverses‚Ä¶ https://t.co/PsT8zXf92F",40
240,-0.7906,Thu Apr 05 09:32:16 +0000 2018,0.68,0.32,0.0,@cnnbrk,Bollywood star Salman Khan has been sentenced to serve five years in prison after being convicted of illegal poachi‚Ä¶ https://t.co/N1FkZHJdxC,41
241,-0.2732,Thu Apr 05 00:32:40 +0000 2018,0.896,0.104,0.0,@cnnbrk,"A sterilization breach at a Denver hospital may have put patients at risk for infection of HIV, hepatitis B or hepa‚Ä¶ https://t.co/X9UhUAn8JG",42
242,0.0,Wed Apr 04 23:36:24 +0000 2018,1.0,0.0,0.0,@cnnbrk,The Trump administration is expected to sanction several Russian oligarchs with ties to President Vladimir Putin ov‚Ä¶ https://t.co/i6OtqZxoCT,43
243,0.34,Wed Apr 04 19:41:48 +0000 2018,0.862,0.0,0.138,@cnnbrk,"President Trump will deploy National Guard troops to the US-Mexico border, Homeland Security secretary says‚Ä¶ https://t.co/EOmCXYi9Cs",44
244,0.34,Wed Apr 04 19:35:36 +0000 2018,0.876,0.0,0.124,@cnnbrk,"Facebook says Cambridge Analytica may have improperly shared information on up to 87 million users, sharply revisin‚Ä¶ https://t.co/xL7GZkTdX2",45
245,0.5859,Wed Apr 04 17:44:17 +0000 2018,0.808,0.0,0.192,@cnnbrk,"Britain's Prince Philip underwent a successful hip surgery and is now recovering in the hospital, Buckingham Palace‚Ä¶ https://t.co/rChXUuLNBx",46
246,0.0,Wed Apr 04 17:09:18 +0000 2018,1.0,0.0,0.0,@cnnbrk,Trump campaign adviser Roger Stone wrote that he dined with Julian Assange on the same day he predicted WikiLeaks d‚Ä¶ https://t.co/vc1wcuADS8,47
247,0.0,Wed Apr 04 16:16:06 +0000 2018,1.0,0.0,0.0,@cnnbrk,A new YouTube employee and former aide to Sen. Jeff Flake tweets that shootings have touched his life three times i‚Ä¶ https://t.co/EAhvmDADSs,48
248,0.2732,Wed Apr 04 15:43:36 +0000 2018,0.89,0.0,0.11,@cnnbrk,"Planned Parenthood president says Jared Kushner and Ivanka Trump offered a ""bribe"" of increased funding if they'd s‚Ä¶ https://t.co/5fHhHxsiF3",49
249,-0.34,Wed Apr 04 14:57:19 +0000 2018,0.817,0.125,0.058,@cnnbrk,A lawyer who prosecuted Nazis and an activist against life sentences for minors will receive the MLK Nonviolent Pea‚Ä¶ https://t.co/6Lc1oGzJQ1,50
250,0.0,Wed Apr 04 13:34:28 +0000 2018,1.0,0.0,0.0,@cnnbrk,RT @CNNMoney: Dow opens down more than 500 points after China announces plans for steep tariffs on dozens of American goods. https://t.co/A‚Ä¶,51
251,0.0,Wed Apr 04 13:26:31 +0000 2018,1.0,0.0,0.0,@cnnbrk,"The White House has decided on whether the US will withdraw from Syria, Trump's intel chief says. He does not give‚Ä¶ https://t.co/ABaDP7W4rD",52
252,0.0,Wed Apr 04 12:37:01 +0000 2018,1.0,0.0,0.0,@cnnbrk,Facebook CEO Mark Zuckerberg will appear before a Congressional panel regarding the company's use and protection of‚Ä¶ https://t.co/2GSwHiGkex,53
253,-0.6249,Wed Apr 04 08:39:07 +0000 2018,0.788,0.212,0.0,@cnnbrk,"China is firing back in the escalating trade tensions with the US, announcing plans for heavy new tariffs on dozens‚Ä¶ https://t.co/nCnoupoNoW",54
254,0.0,Wed Apr 04 03:37:58 +0000 2018,1.0,0.0,0.0,@cnnbrk,"The woman who shot three people at YouTube headquarters in Northern California has been identified, two law enforce‚Ä¶ https://t.co/td6opfPtjc",55
255,0.6679,Wed Apr 04 01:08:19 +0000 2018,0.756,0.0,0.244,@cnnbrk,Special counsel Mueller has told Trump's lawyers that the President is not currently a criminal target of the Russi‚Ä¶ https://t.co/bqt6HyI1Iz,56
256,-0.3182,Tue Apr 03 22:54:58 +0000 2018,0.887,0.113,0.0,@cnnbrk,"The shooter at YouTube HQ is believed to have known at least one of the victims, officials say‚Ä¶ https://t.co/BFsmsoSOzv",57
257,0.0,Tue Apr 03 21:57:34 +0000 2018,1.0,0.0,0.0,@cnnbrk,"The Trump administration proposes tariffs on about 1,300 Chinese goods, targeting industries including aerospace, t‚Ä¶ https://t.co/qefXwTtgqP",58
258,-0.7351,Tue Apr 03 21:55:26 +0000 2018,0.754,0.246,0.0,@cnnbrk,"At least four people wounded at YouTube HQ, San Bruno police chief says. Suspected shooter is dead after she appare‚Ä¶ https://t.co/FUy9IFba6s",59
259,-0.7351,Tue Apr 03 21:45:22 +0000 2018,0.693,0.307,0.0,@cnnbrk,"The suspected shooter at YouTube headquarters in California was a woman and is dead, officials say.‚Ä¶ https://t.co/9rCHv6jbSJ",60
260,0.0,Tue Apr 03 21:12:43 +0000 2018,1.0,0.0,0.0,@cnnbrk,"Ambulances are transporting patients to hospitals after a shooting was reported at YouTube headquarters, officials‚Ä¶ https://t.co/1xIiBiORWw",61
261,0.0,Tue Apr 03 20:35:21 +0000 2018,1.0,0.0,0.0,@cnnbrk,"Police are responding to reports of a shooting at YouTube headquarters in San Bruno, California‚Ä¶ https://t.co/ZEGMXseckQ",62
262,0.1868,Tue Apr 03 20:08:53 +0000 2018,0.736,0.097,0.168,@cnnbrk,"RT @CNNMoney: Dow jumps 388 points, recapturing most of Monday's drop. Amazon rebounds 1.5% after volatile day. Nasdaq gains 1%. https://t.‚Ä¶",63
263,0.1779,Tue Apr 03 17:49:26 +0000 2018,0.918,0.0,0.082,@cnnbrk,"The President is taking questions with Baltic leaders. Earlier, he told them, ""nobody has been tougher on Russia"" t‚Ä¶ https://t.co/jzbHNzB0pF",64
264,0.0,Tue Apr 03 17:29:26 +0000 2018,1.0,0.0,0.0,@cnnbrk,President Trump says the US military will be used to guard the border with Mexico until a wall is built‚Ä¶ https://t.co/eGCgis2vF4,65
265,-0.7783,Tue Apr 03 16:14:36 +0000 2018,0.698,0.302,0.0,@cnnbrk,"A Dutch lawyer is the first person sentenced in the Russia probe, getting 30 days in prison for lying to Mueller's‚Ä¶ https://t.co/WdAWbJzgDh",66
266,0.0,Tue Apr 03 15:37:16 +0000 2018,1.0,0.0,0.0,@cnnbrk,"Prince Philip, the 96-year-old husband of the UK's Queen Elizabeth II, is in the hospital today for planned hip sur‚Ä¶ https://t.co/06q7VSw7GY",67
267,-0.9201,Tue Apr 03 15:16:17 +0000 2018,0.611,0.389,0.0,@cnnbrk,"The UN says the ongoing war in Yemen is now the world's worst humanitarian crisis, with more than 22 million people‚Ä¶ https://t.co/sU1Adc3dse",68
268,0.0,Tue Apr 03 14:41:36 +0000 2018,1.0,0.0,0.0,@cnnbrk,The White House confirmed EPA Administrator Pruitt spoke with the President last night. Trump offered Pruitt encour‚Ä¶ https://t.co/BCDg8hsZdo,69
269,0.128,Tue Apr 03 13:56:56 +0000 2018,0.889,0.0,0.111,@cnnbrk,"RT @CNNPolitics: Beto O'Rourke, Ted Cruz's Senate challenger, raises a hefty $6.7M https://t.co/U30Wl6YXFh https://t.co/nBcNw1kAgs",70
270,-0.5106,Tue Apr 03 13:38:37 +0000 2018,0.823,0.177,0.0,@cnnbrk,RT @CNNMoney: Dow rebounds 100 points after Monday's drop. Tesla soars 6% after saying no need to raise money this year. https://t.co/A9OlU‚Ä¶,71
271,-0.6369,Tue Apr 03 13:19:52 +0000 2018,0.708,0.292,0.0,@cnnbrk,Train services severely disrupted in France as rail workers strike over proposed labor reforms. Walkouts are planne‚Ä¶ https://t.co/aMP43GwQtP,72
272,0.0,Tue Apr 03 13:00:32 +0000 2018,1.0,0.0,0.0,@cnnbrk,"General Motors ends its decades-long practice of reporting monthly sales, saying quarterly reports are more useful‚Ä¶ https://t.co/YKlnbyJfcm",73
273,-0.0772,Tue Apr 03 12:28:14 +0000 2018,0.939,0.061,0.0,@cnnbrk,"The UK's Environment Secretary says the country is set to introduce one of the world's toughest ivory bans, with a‚Ä¶ https://t.co/OtN5JgLLov",74
274,-0.8658,Tue Apr 03 09:05:20 +0000 2018,0.65,0.35,0.0,@cnnbrk,"A Kuwaiti court has sentenced a Lebanese man and his wife to death in absentia for the murder of a Filipina maid, t‚Ä¶ https://t.co/vVyZkTscly",75
275,0.7717,Tue Apr 03 03:45:16 +0000 2018,0.717,0.0,0.283,@cnnbrk,Villanova beats Michigan 79-62 to win the US men‚Äôs college basketball championship for second time in three years‚Ä¶ https://t.co/lzuKzdvAwg,76
276,0.1531,Tue Apr 03 01:28:21 +0000 2018,0.773,0.1,0.127,@cnnbrk,Dating app Grindr says it will stop sharing the HIV status of its users with other companies https://t.co/7NtaAF6rza https://t.co/6ZOyAKKjHo,77
277,0.0,Tue Apr 03 00:55:13 +0000 2018,1.0,0.0,0.0,@cnnbrk,RT @CNNPolitics: The White House is looking into EPA Administrator Scott Pruitt's housing situation https://t.co/zBzqgUj4lH https://t.co/J2‚Ä¶,78
278,0.5267,Tue Apr 03 00:48:01 +0000 2018,0.866,0.0,0.134,@cnnbrk,RT @CNNPolitics: The Justice Department announces it will evaluate immigration judges on how many cases they close and how fast they hear c‚Ä¶,79
279,-0.296,Tue Apr 03 00:23:13 +0000 2018,0.855,0.145,0.0,@cnnbrk,RT @CNNMoney: The Trump administration aims to lower drug prices for seniors https://t.co/6G52sxBAEh https://t.co/JJCx3bKASi,80
280,0.4019,Mon Apr 02 23:10:53 +0000 2018,0.876,0.0,0.124,@cnnbrk,"RT @CNNPolitics: Special counsel Robert Mueller is looking into Roger Stone's ties to WikiLeaks, The Wall Street Journal reports https://t.‚Ä¶",81
281,0.128,Mon Apr 02 22:42:52 +0000 2018,0.909,0.0,0.091,@cnnbrk,A Florida middle school teacher who hosted a white supremacist podcast that she called satire has resigned‚Ä¶ https://t.co/BevpUM0JSd,82
282,-0.34,Mon Apr 02 21:32:33 +0000 2018,0.897,0.103,0.0,@cnnbrk,"Democratic Rep. Elizabeth Esty, who is under fire for how she handled the dismissal of her chief of staff, says she‚Ä¶ https://t.co/3NBiXa1smL",83
283,-0.6908,Mon Apr 02 20:36:00 +0000 2018,0.759,0.241,0.0,@cnnbrk,"Fake marijuana is tied to 56 cases of severe bleeding in Illinois, including two deaths. The state's health departm‚Ä¶ https://t.co/Zog1PKnztO",84
284,-0.7351,Mon Apr 02 20:21:06 +0000 2018,0.664,0.276,0.059,@cnnbrk,RT @CNNMoney: BREAKING: The Dow drops 459 points as trade tensions rise. Amazon loses 5% after Trump's Twitter attacks on the internet reta‚Ä¶,85
285,0.0,Mon Apr 02 19:54:09 +0000 2018,1.0,0.0,0.0,@cnnbrk,"A dingy, old painting found in an Iowa art gallery's closet turns out to be the work of a 16th-century Dutch master‚Ä¶ https://t.co/KFBoYmXijf",86
286,0.2263,Mon Apr 02 19:04:06 +0000 2018,0.899,0.0,0.101,@cnnbrk,"Trump's lawyer begins the process of appealing a judge's decision to allow a defamation case brought by a former ""A‚Ä¶ https://t.co/XsHSokdhNx",87
287,-0.1027,Mon Apr 02 18:34:00 +0000 2018,0.909,0.091,0.0,@cnnbrk,RT @CNNMoney: Coal power company files for bankruptcy and asks Trump for a bailout https://t.co/DdxsqCZg9F https://t.co/NXlPwRjrfT,88
288,-0.4588,Mon Apr 02 18:13:54 +0000 2018,0.864,0.136,0.0,@cnnbrk,"Asheville, North Carolina, is expected to release videos from nine police body cameras related to the beating and t‚Ä¶ https://t.co/4Y3qE0269k",89
289,0.5267,Mon Apr 02 17:17:07 +0000 2018,0.848,0.0,0.152,@cnnbrk,Trump says the Justice Department and FBI are dragging their feet in handing over documents to Congress related to‚Ä¶ https://t.co/5AZHZptziG,90
290,-0.25,Mon Apr 02 16:58:16 +0000 2018,0.895,0.105,0.0,@cnnbrk,"Oklahoma City public schools are cancelled tomorrow due to a teacher walk out. In Kentucky, teachers are protesting‚Ä¶ https://t.co/yQP7cD3QzJ",91
291,-0.7184,Mon Apr 02 16:09:13 +0000 2018,0.588,0.328,0.083,@cnnbrk,"RT @CNNMoney: Dow drops 500 points as Amazon tumbles, trade war fears rise https://t.co/LTK27mh7dn https://t.co/IXjUlHYSio",92
292,-0.5267,Mon Apr 02 15:41:14 +0000 2018,0.812,0.188,0.0,@cnnbrk,Abiye Ahmed is sworn in as prime minister of Ethiopia after weeks of uncertainty and protest. His appointment is th‚Ä¶ https://t.co/1qdThODBJd,93
293,0.0,Mon Apr 02 15:23:04 +0000 2018,1.0,0.0,0.0,@cnnbrk,"Trump and Putin talked about possible White House talks in the ""not-too-distant future"" during a phone call last mo‚Ä¶ https://t.co/KmfFBeR9bN",94
294,-0.5574,Mon Apr 02 14:31:15 +0000 2018,0.825,0.175,0.0,@cnnbrk,"Winnie Mandela, anti-apartheid activist and former wife of late South African President Nelson Mandela, has died at‚Ä¶ https://t.co/gRQRDKUJK4",95
295,0.0,Mon Apr 02 13:35:09 +0000 2018,1.0,0.0,0.0,@cnnbrk,RT @CNNMoney: Stocks start the 2nd quarter in the red. Dow drops 50 points. Humana jumps 5% on report of Walmart takeover talks. https://t.‚Ä¶,96
296,0.0,Mon Apr 02 13:06:50 +0000 2018,1.0,0.0,0.0,@cnnbrk,"President Trump will host Japanese Prime Minster Shinzo Abe at Mar-a-Lago on April 17 and 18, the White House says‚Ä¶ https://t.co/YQrD7aVJYM",97
297,-0.5574,Mon Apr 02 12:09:11 +0000 2018,0.847,0.153,0.0,@cnnbrk,Ex-Veterans Affairs Secretary David Shulkin says he got a heads up from Trump's chief of staff that he'd be fired i‚Ä¶ https://t.co/ruYwKxo1Ap,98
298,0.3612,Mon Apr 02 01:45:42 +0000 2018,0.889,0.0,0.111,@cnnbrk,"RT @CNN: Steven Bochco, a producer whose boundary-pushing series like ""Hill Street Blues"" and ""NYPD Blue"" helped define the modern TV drama‚Ä¶",99
299,0.0,Mon Apr 02 01:20:26 +0000 2018,1.0,0.0,0.0,@cnnbrk,"China's Tiangong-1 space lab re-entered Earth's atmosphere about 8:15p.m. ET over the South Pacific Ocean, China's‚Ä¶ https://t.co/q1YfLEA4aU",100
300,-0.5574,Sun Apr 08 02:51:10 +0000 2018,0.635,0.365,0.0,@FoxNews,Body suspected to be from California cliff crash found https://t.co/m7EbD8AO4S,1
301,0.4588,Sun Apr 08 02:47:03 +0000 2018,0.667,0.0,0.333,@FoxNews,Holocaust victim's heirs awarded Nazi-looted paintings in landmark case https://t.co/LQt88eLx1F,2
302,-0.8519,Sun Apr 08 02:44:46 +0000 2018,0.57,0.43,0.0,@FoxNews,"Alleged 'potted-plant serial killer' may be linked to grisly, unsolved 1970s murders https://t.co/PyoBhghZfX",3
303,-0.34,Sun Apr 08 02:38:18 +0000 2018,0.882,0.118,0.0,@FoxNews,Emily Blunt asked husband John Krasinski to fire another actress so she could appear in 'Quiet Place' film https://t.co/6lb3vgWVSy,4
304,0.0,Sun Apr 08 02:32:57 +0000 2018,1.0,0.0,0.0,@FoxNews,The Latest: Kansas lawmakers' work on schools plan stalls https://t.co/EzciVJx9KL,5
305,0.0,Sun Apr 08 02:27:37 +0000 2018,1.0,0.0,0.0,@FoxNews,Georgia sheriff's concealed-carry sign goes viral https://t.co/QOKFWyqWef,6
306,0.0,Sun Apr 08 02:21:54 +0000 2018,1.0,0.0,0.0,@FoxNews,.@MollyRingwald says her hit film 'The Breakfast Club' is 'troubling' in #MeToo era https://t.co/niLHZecUfy,7
307,-0.1027,Sun Apr 08 02:14:52 +0000 2018,0.769,0.126,0.104,@FoxNews,Man hailed as a 'real life @Disney prince' after 70-pound weight loss goes viral on @reddit https://t.co/IZ9Ml5Z4pE,8
308,0.4767,Sun Apr 08 02:09:37 +0000 2018,0.78,0.0,0.22,@FoxNews,"Russell Crowe's 'divorce' auction sells 'Gladiator' armor, other valuable movie gear https://t.co/nCoE81lgJC",9
309,-0.2023,Sun Apr 08 02:04:56 +0000 2018,0.53,0.265,0.205,@FoxNews,Shooting on 'adult-themed' party bus in Illinois kills 3 https://t.co/zqLlRDwpjP,10
310,0.4767,Sun Apr 08 01:56:04 +0000 2018,0.765,0.06,0.175,@FoxNews,"Ala. teen turns down 25-year plea deal, gets sentenced to 65 years instead - and laughs https://t.co/Falh89eTHs",11
311,0.0,Sun Apr 08 01:50:43 +0000 2018,1.0,0.0,0.0,@FoxNews,OPINION: Trump sanctions on Russia: This is as far from ‚Äòcollusion‚Äô as you can get https://t.co/S445JXvtT5,12
312,0.6705,Sun Apr 08 01:39:43 +0000 2018,0.735,0.0,0.265,@FoxNews,".@DarrellIssa: ""[Republicans] want to make sure the border patrol has the tools it needs to be both safe and effect‚Ä¶ https://t.co/1rTmv1chYh",13
313,0.0,Sun Apr 08 01:33:03 +0000 2018,1.0,0.0,0.0,@FoxNews,.@newtgingrich: California may elect a Republican governor -- Incredible as that sounds https://t.co/DtIRNIh486,14
314,-0.1027,Sun Apr 08 01:24:39 +0000 2018,0.924,0.076,0.0,@FoxNews,".@PaulBabeuAZ: ""If you're gonna send America's military [to the southern border], that's hard force. Don't send a t‚Ä¶ https://t.co/hwP16JzXBA",15
315,0.34,Sun Apr 08 01:18:38 +0000 2018,0.821,0.0,0.179,@FoxNews,".@hogangidley45 on border security: ""If Congress doesn't act, [@POTUS] will."" @JudgeJeanine https://t.co/de59FdFvqh",16
316,-0.2023,Sun Apr 08 01:15:59 +0000 2018,0.648,0.218,0.134,@FoxNews,".@JudgeJeanine: ""It's time for Republicans to stop fighting with each other and start supporting the president."" https://t.co/AljIXI8Yd5",17
317,0.34,Sun Apr 08 01:10:24 +0000 2018,0.882,0.0,0.118,@FoxNews,".@hogangidley45 on border security: ""We're working with [Mexico] and I think this is beginning to break up. But wha‚Ä¶ https://t.co/mVY3dL1dFZ",18
318,-0.8885,Sun Apr 08 01:09:35 +0000 2018,0.623,0.377,0.0,@FoxNews,At least one person died and four others were injured after a fire broke out in #TrumpTower in New York City on Sat‚Ä¶ https://t.co/Apx1KMnwOi,19
319,0.0,Sun Apr 08 01:06:22 +0000 2018,1.0,0.0,0.0,@FoxNews,Kroger is expanding restaurant chain https://t.co/vDMh3OGoMX,20
320,-0.4215,Sun Apr 08 00:55:47 +0000 2018,0.872,0.128,0.0,@FoxNews,".@DiamondandSilk: ""I think what's sexist is the fact that @MichelleObama is trying to make women feel guilty for no‚Ä¶ https://t.co/OOjtS0Agsa",21
321,0.4404,Sun Apr 08 00:52:52 +0000 2018,0.861,0.0,0.139,@FoxNews,".@DiamondandSilk on Obama being ""the good parent"": ""[@BarackObama] wanted to feed us some ObamaCare, we got the Oba‚Ä¶ https://t.co/4sI9kWqmlO",22
322,0.0,Sun Apr 08 00:46:27 +0000 2018,1.0,0.0,0.0,@FoxNews,".@RepDeSantis on FISA warrants: ""Both @TheJusticeDept and the @FBI have tried for months and months to deemphasize‚Ä¶ https://t.co/Hy6caSttmo",23
323,-0.5106,Sun Apr 08 00:39:36 +0000 2018,0.68,0.32,0.0,@FoxNews,"Tennessee prison brawl injures 11, two critically https://t.co/CKHPrJ5rcB",24
324,-0.8519,Sun Apr 08 00:34:35 +0000 2018,0.601,0.399,0.0,@FoxNews,"BREAKING: 1 person killed in fire at Trump Tower in NYC, officials say; fire now ‚Äòunder control‚Äô https://t.co/wdVIFDc6Gf",25
325,0.3818,Sun Apr 08 00:32:59 +0000 2018,0.867,0.0,0.133,@FoxNews,"RT @FoxNewsResearch: The U.S. economy added 103,000 jobs in March 2018 ‚Üí its 90th consecutive month of net growth",26
326,-0.1027,Sun Apr 08 00:27:16 +0000 2018,0.769,0.126,0.104,@FoxNews,Man hailed as a 'real life Disney prince' after 70-pound weight loss goes viral on Reddit https://t.co/sINHfCYg7Y,27
327,0.4019,Sun Apr 08 00:20:21 +0000 2018,0.861,0.0,0.139,@FoxNews,"Brandon Judd: ""We want to once and for all secure the border so that we don't have to continue to sit here and say‚Ä¶ https://t.co/KN7JOkp9kr",28
328,0.6597,Sun Apr 08 00:14:46 +0000 2018,0.735,0.0,0.265,@FoxNews,"Brandon Judd on border security: ""I have to applaud President @realDonaldTrump for putting the @USNationalGuard on‚Ä¶ https://t.co/zqRy8sgRY1",29
329,0.34,Sun Apr 08 00:11:48 +0000 2018,0.893,0.0,0.107,@FoxNews,"Brandon Judd on border security: ""Most drugs are coming across the border between the ports of entry, not through t‚Ä¶ https://t.co/r4O51zdBCk",30
330,0.6249,Sun Apr 08 00:07:34 +0000 2018,0.757,0.0,0.243,@FoxNews,"Ali Noorani on border security: ""If you want to secure the border outside the ports of entry, that's where you put‚Ä¶ https://t.co/LfjSMbkXVi",31
331,0.5267,Sun Apr 08 00:03:00 +0000 2018,0.825,0.0,0.175,@FoxNews,"TOMORROW on ""Life, Liberty, &amp; Levin,"" @SarahPalinUSA sits down with @marklevinshow to discuss the Second Amendment.‚Ä¶ https://t.co/yHhB4u70zI",32
332,0.2732,Sun Apr 08 00:00:12 +0000 2018,0.826,0.0,0.174,@FoxNews,Viral singing grocery store worker accepted to elite music school https://t.co/i88hnfLfMo,33
333,0.0,Sat Apr 07 23:56:20 +0000 2018,1.0,0.0,0.0,@FoxNews,.@toddstarnes: San Diego lawmaker says California has become rogue state https://t.co/YDQdDeyhvn,34
334,-0.7096,Sat Apr 07 23:52:13 +0000 2018,0.543,0.457,0.0,@FoxNews,.@marcthiessen: Trump is threatening to repeat Obama's mistakes https://t.co/mhaI2Jdf81,35
335,0.4767,Sat Apr 07 23:50:14 +0000 2018,0.78,0.0,0.22,@FoxNews,"Russell Crowe's 'divorce' auction sells 'Gladiator' armor, other valuable movie gear https://t.co/pcCxEeCgam",36
336,-0.7003,Sat Apr 07 23:39:58 +0000 2018,0.674,0.326,0.0,@FoxNews,"JUST IN: 3 firefighters, 1 other person hurt in fire at Trump Tower in NYC https://t.co/V0SMyno1bu",37
337,-0.34,Sat Apr 07 23:38:52 +0000 2018,0.893,0.107,0.0,@FoxNews,".@FDNY on Trump Tower fire: ""It's still not considered under control because of the smoke conditions on all the flo‚Ä¶ https://t.co/7xle5FFGeF",38
338,-0.296,Sat Apr 07 23:36:08 +0000 2018,0.845,0.155,0.0,@FoxNews,".@FDNY: ""There are no members of the first family in residence today."" https://t.co/RcQVLe7Zu1",39
339,0.128,Sat Apr 07 23:33:42 +0000 2018,0.725,0.124,0.15,@FoxNews,"Moments ago, @EricTrump thanked the @FDNY and @NYPD for quickly extinguishing a fire in Trump Tower.‚Ä¶ https://t.co/sb6MiXNQh4",40
340,-0.3182,Sat Apr 07 23:25:00 +0000 2018,0.457,0.305,0.239,@FoxNews,Parkland shooting hero blames sheriff and superintendent for failing to prevent massacre https://t.co/23jjJimAk6,41
341,-0.4019,Sat Apr 07 23:19:00 +0000 2018,0.645,0.24,0.115,@FoxNews,"Fmr Vanderbilt Prof: Elementary School's 'White Privilege' Flyer Meant to 'Instill Shame, Guilt Among White Youth' https://t.co/N8wPrP0RPR",42
342,0.5267,Sat Apr 07 23:14:00 +0000 2018,0.841,0.0,0.159,@FoxNews,"TOMORROW on ""Life, Liberty, &amp; Levin,"" @SarahPalinUSA sits down with @marklevinshow to discuss the border. Tune in a‚Ä¶ https://t.co/ejifTTNnB1",43
343,-0.5859,Sat Apr 07 23:10:16 +0000 2018,0.615,0.27,0.115,@FoxNews,"Pilots warned of safety concerns before helicopter crashed in NYC's East River and killed 5, report says https://t.co/Vpu1u7ioD6",44
344,0.4939,Sat Apr 07 23:03:15 +0000 2018,0.789,0.0,0.211,@FoxNews,"Seven-year-old girl hikes Mount Kilimanjaro in honor of late dad, breaks record https://t.co/7UuoLVbWcQ",45
345,-0.128,Sat Apr 07 22:51:34 +0000 2018,0.602,0.209,0.189,@FoxNews,"Moments ago, President @realDonaldTrump thanked the @FDNY for their swift action after a fire broke out in Trump To‚Ä¶ https://t.co/BWI8quXPuN",46
346,-0.34,Sat Apr 07 22:45:36 +0000 2018,0.882,0.118,0.0,@FoxNews,The @NYPDnews and @FDNY are on the scene of a fire on the 50th floor of Trump Tower.  https://t.co/Hz3zrjSrGA https://t.co/kyhXaaZMGu,47
347,-0.5423,Sat Apr 07 22:41:10 +0000 2018,0.791,0.209,0.0,@FoxNews,BREAKING: The @FDNY is battling a multi-alarm fire on the 50th floor of Trump Tower in New York City.‚Ä¶ https://t.co/uh2R7NoSRK,48
348,-0.9186,Sat Apr 07 22:33:33 +0000 2018,0.48,0.52,0.0,@FoxNews,Victims slowly identified in Canadian hockey team bus crash disaster; death toll rises to 15 https://t.co/dDnMLSCjDD,49
349,-0.34,Sat Apr 07 22:26:04 +0000 2018,0.789,0.211,0.0,@FoxNews,Fire erupts at Trump Tower in New York City https://t.co/V0SMyno1bu,50
350,-0.1531,Sat Apr 07 22:23:26 +0000 2018,0.922,0.078,0.0,@FoxNews,".@susanferrechio: ""If Pruitt goes, whoever comes in is not going to be as aggressive rolling back the EPA regulatio‚Ä¶ https://t.co/8MQlf1ZLAz",51
351,-0.296,Sat Apr 07 22:16:25 +0000 2018,0.845,0.155,0.0,@FoxNews,".@realDonaldTrump slams DOJ, FBI over missed document deadline: 'What is going on?' https://t.co/iAvfAkQhNc",52
352,0.7269,Sat Apr 07 22:09:18 +0000 2018,0.643,0.0,0.357,@FoxNews,.@RepKevinCramer expected to win GOP endorsement to seek North Dakota Senate seat https://t.co/N8AQVi5cU2,53
353,-0.7579,Sat Apr 07 22:01:26 +0000 2018,0.606,0.394,0.0,@FoxNews,.@POTUS zeroes in on tackling illegal immigration after spending bill criticism https://t.co/XutrkLzr0N,54
354,0.0,Sat Apr 07 21:53:49 +0000 2018,1.0,0.0,0.0,@FoxNews,"Volcanic lightning is seen above Shinmoedake peak as the peak erupts between Miyazaki and Kagoshima prefectures, so‚Ä¶ https://t.co/Qx6IAKOyap",55
355,0.0,Sat Apr 07 21:53:17 +0000 2018,1.0,0.0,0.0,@FoxNews,"Earlier, @PressSec reiterated the Trump administration's dedication to keeping the U.S.-Mexico border safe.‚Ä¶ https://t.co/herlbVAHIr",56
356,0.7184,Sat Apr 07 21:50:00 +0000 2018,0.684,0.0,0.316,@FoxNews,".@Nigel_Farage: ‚ÄúIn terms of foreign policy, this president has been a huge success so far.‚Äù https://t.co/15VgjtLPNV",57
357,-0.4767,Sat Apr 07 21:45:00 +0000 2018,0.796,0.204,0.0,@FoxNews,.@Nigel_Farage: ‚ÄúI think with Barack Obama‚Ä¶ America virtually disappeared off the world stage. No one took America‚Ä¶ https://t.co/ykNWEuZdQT,58
358,0.6249,Sat Apr 07 21:40:00 +0000 2018,0.687,0.0,0.313,@FoxNews,.@Reince: ‚ÄúI think Scott Pruitt is doing a great job.‚Äù https://t.co/VL2nrFaAvv,59
359,0.6597,Sat Apr 07 21:33:26 +0000 2018,0.707,0.0,0.293,@FoxNews,".@GovMikeHuckabee is in favor President @realDonaldTrump's desire to send between 2,000 and 4,000 @USNationalGuard‚Ä¶ https://t.co/OjfpxX3rQp",60
360,0.0,Sat Apr 07 21:31:00 +0000 2018,1.0,0.0,0.0,@FoxNews,".@DiamondandSilk: ""Long gone are the days that people can cross our borders and think they can rip away at the fabr‚Ä¶ https://t.co/t99G0Q6EYR",61
361,-0.765,Sat Apr 07 21:29:15 +0000 2018,0.732,0.268,0.0,@FoxNews,"BREAKING: Death toll in Canadian hockey team bus crash rises to 15, police say; coach, team captain reportedly amon‚Ä¶ https://t.co/7vMihjphnz",62
362,-0.7964,Sat Apr 07 21:25:46 +0000 2018,0.616,0.384,0.0,@FoxNews,"'Madness': Family outraged that 4 teens sentenced to youth treatment after sandbag hits car, kills man https://t.co/WLOh2s4qQ0",63
363,-0.5859,Sat Apr 07 21:25:36 +0000 2018,0.615,0.27,0.115,@FoxNews,"Pilots warned of safety concerns before helicopter crashed in NYC's East River and killed 5, report says https://t.co/PBqmLZmXtK",64
364,0.6326,Sat Apr 07 21:17:57 +0000 2018,0.795,0.0,0.205,@FoxNews,"‚ÄúI really feel that God opened the door for our family to have that opportunity, &amp; I just really wanted to express‚Ä¶ https://t.co/x498qR3eKL",65
365,-0.5106,Sat Apr 07 21:12:53 +0000 2018,0.852,0.148,0.0,@FoxNews,".@Nigel_Farage: ""The liberal media, they're so full of their own prejudice against Trump that even when he gets thi‚Ä¶ https://t.co/KgMArH6HjT",66
366,-0.3612,Sat Apr 07 21:11:08 +0000 2018,0.872,0.128,0.0,@FoxNews,"On ""Cavuto Live,"" Escondido @MayorSamAbed told @TeamCavuto that he was ""fighting for our sovereignty"" against the ""‚Ä¶ https://t.co/0brGGMy65Y",67
367,-0.25,Sat Apr 07 21:06:09 +0000 2018,0.679,0.191,0.13,@FoxNews,California deputy arrested for alleged 'unlawful sex acts' with 2 inmates he committed https://t.co/JkuV2JBMDG,68
368,-0.9001,Sat Apr 07 20:56:29 +0000 2018,0.5,0.5,0.0,@FoxNews,"Crash of hockey team's bus leaves at least 14 dead, town devastated https://t.co/kpbosHhWTW https://t.co/jwi5LMHdA1",69
369,-0.5423,Sat Apr 07 20:48:12 +0000 2018,0.829,0.171,0.0,@FoxNews,"Qantas' former 'poster girl' flight attendant reveals she was sexually harassed, says issue is 'rampant' across ind‚Ä¶ https://t.co/jrbiy8TGjw",70
370,0.0,Sat Apr 07 20:47:25 +0000 2018,1.0,0.0,0.0,@FoxNews,"RT @FoxBusiness: CBS said to plan all-stock bid for Viacom, below valuation   https://t.co/lW4rF8rsVI",71
371,-0.4939,Sat Apr 07 20:47:21 +0000 2018,0.849,0.151,0.0,@FoxNews,"RT @FoxBusiness: .@LouDobbs: ""California state government, depending on your perspective, are either making fools of themselves or their ci‚Ä¶",72
372,0.0,Sat Apr 07 20:47:18 +0000 2018,1.0,0.0,0.0,@FoxNews,RT @FoxBusiness: High-tax states are already taking a hit from next tax law: Varney   https://t.co/Kb2XbLzSfT,73
373,-0.5267,Sat Apr 07 20:45:37 +0000 2018,0.876,0.124,0.0,@FoxNews,"Jonathan Schanzer: ""We need to take a look at the fact that we have an ISIS threat that is not waning and that we h‚Ä¶ https://t.co/m3jf0XW7Ir",74
374,-0.6705,Sat Apr 07 20:36:16 +0000 2018,0.667,0.333,0.0,@FoxNews,Conor McGregor seen in new video shattering window amid bloody bus fight https://t.co/RyMwYWpW0i,75
375,0.0,Sat Apr 07 20:36:00 +0000 2018,1.0,0.0,0.0,@FoxNews,".@USDOL: U.S. economy added 103,000 jobs in March. https://t.co/pZcD6ADdgi https://t.co/4ZQadqDsYR",76
376,-0.4588,Sat Apr 07 20:34:38 +0000 2018,0.864,0.136,0.0,@FoxNews,"RT @EricShawnTV: Can #MarkZuckerberg fix #Facebook's troubles when he testifies before Congress next week? At 6pm EDT @FoxNews, what steps‚Ä¶",77
377,0.0,Sat Apr 07 20:33:00 +0000 2018,1.0,0.0,0.0,@FoxNews,"More jobs than workers in Elkhart, IN; there are 9,000+ job openings. https://t.co/FRfXHeZ3lL",78
378,-0.6908,Sat Apr 07 20:30:11 +0000 2018,0.678,0.322,0.0,@FoxNews,Texas Lt. Gov.: Keep National Guard at the Border 'Until Hell Freezes Over'    https://t.co/IDN4EVd7DM,79
379,-0.7579,Sat Apr 07 20:25:59 +0000 2018,0.606,0.394,0.0,@FoxNews,Trump zeroes in on tackling illegal immigration after spending bill criticism https://t.co/xgukf5IXvH,80
380,0.0,Sat Apr 07 20:21:00 +0000 2018,1.0,0.0,0.0,@FoxNews,"On @foxandfriends, former political science Professor @carolmswain sounded off on a North Carolina elementary schoo‚Ä¶ https://t.co/IOOnVcn9sj",81
381,0.4588,Sat Apr 07 20:17:27 +0000 2018,0.667,0.0,0.333,@FoxNews,Holocaust victim's heirs awarded Nazi-looted paintings in landmark case https://t.co/LQt88eLx1F,82
382,0.34,Sat Apr 07 20:15:00 +0000 2018,0.833,0.0,0.167,@FoxNews,"Earlier today, President @realDonaldTrump tweeted about bolstering security at our southern border.‚Ä¶ https://t.co/7kkcKkLaSi",83
383,-0.5423,Sat Apr 07 20:12:00 +0000 2018,0.774,0.226,0.0,@FoxNews,'Liberal Elitism': @KatrinaPierson Rips @MichelleObama For Comparing President @realDonaldTrump to Bad Parent https://t.co/36FKWlzCHC,84
384,0.5267,Sat Apr 07 20:03:00 +0000 2018,0.825,0.0,0.175,@FoxNews,"TOMORROW on ""Life, Liberty, &amp; Levin,"" @SarahPalinUSA sits down with @marklevinshow to discuss the Second Amendment.‚Ä¶ https://t.co/BSOtvLkTPJ",85
385,-0.3182,Sat Apr 07 20:01:51 +0000 2018,0.457,0.305,0.239,@FoxNews,Parkland shooting hero blames sheriff and superintendent for failing to prevent massacre https://t.co/fkxg8q9Bm3,86
386,-0.1779,Sat Apr 07 19:56:17 +0000 2018,0.884,0.116,0.0,@FoxNews,Teacher walkouts in Oklahoma and Kentucky force hundreds of schools to close.  https://t.co/MXcNlxirXl https://t.co/C7fY0pBuH7,87
387,0.0,Sat Apr 07 19:48:56 +0000 2018,1.0,0.0,0.0,@FoxNews,Blooming red tulips are seen in the gardens of the South Lawn of the @WhiteHouse. https://t.co/QLZhgKwnzE,88
388,-0.34,Sat Apr 07 19:44:31 +0000 2018,0.882,0.118,0.0,@FoxNews,Emily Blunt asked husband John Krasinski to fire another actress so she could appear in 'Quiet Place' film https://t.co/6lb3vgWVSy,89
389,0.0,Sat Apr 07 19:39:16 +0000 2018,1.0,0.0,0.0,@FoxNews,"Andy Kessler: ""What @amazon is doing is they're working on their own delivery service....If prices go up, they'll b‚Ä¶ https://t.co/87tlUU2ypz",90
390,-0.25,Sat Apr 07 19:34:27 +0000 2018,0.683,0.194,0.122,@FoxNews,Mary Anastasia O'Grady: We have a trade deficit &amp; we will have a trade deficit as long as we are richer than China.‚Ä¶ https://t.co/IaECvpnVHj,91
391,0.3182,Sat Apr 07 19:30:32 +0000 2018,0.829,0.055,0.115,@FoxNews,".@LindseyGrahamSC: ""If you leave Syria now, ISIS will come back, like they did when we left Iraq...It's gonna cost‚Ä¶ https://t.co/B1SbW6EOgX",92
392,0.0,Sat Apr 07 19:26:00 +0000 2018,1.0,0.0,0.0,@FoxNews,"TOMORROW on @FoxNewsSunday, Chris Wallace speaks to @WhiteHouse National Economic Adviser Larry Kudlow - Tune in at‚Ä¶ https://t.co/1nSzjjKwgd",93
393,0.0,Sat Apr 07 19:24:51 +0000 2018,1.0,0.0,0.0,@FoxNews,Georgia sheriff's concealed-carry sign goes viral https://t.co/hY5kngXcG8,94
394,0.0,Sat Apr 07 19:23:07 +0000 2018,1.0,0.0,0.0,@FoxNews,Harts likely received $270G from Texas after adopting kids from Houston area: report https://t.co/3WCvMjesPQ,95
395,-0.9001,Sat Apr 07 19:21:47 +0000 2018,0.476,0.524,0.0,@FoxNews,"Crash of hockey team's bus leaves at least 14 dead, town devastated https://t.co/OkzoRTOAo9",96
396,0.0,Sat Apr 07 19:17:45 +0000 2018,1.0,0.0,0.0,@FoxNews,".@LindseyGrahamSC: ""You gotta hit Russia in the wallet."" https://t.co/RGjytE2Gqq https://t.co/D2LYzlnxWa",97
397,0.5267,Sat Apr 07 19:14:00 +0000 2018,0.841,0.0,0.159,@FoxNews,"TOMORROW on ""Life, Liberty, &amp; Levin,"" @SarahPalinUSA sits down with @marklevinshow to discuss the border. Tune in a‚Ä¶ https://t.co/1eOkBzET4T",98
398,0.0,Sat Apr 07 19:10:49 +0000 2018,1.0,0.0,0.0,@FoxNews,"Mary Anastasia O'Grady: ""When a lot of these people come across the border actually give themselves up. And they gi‚Ä¶ https://t.co/fHutEXyqQC",99
399,0.0,Sat Apr 07 19:04:31 +0000 2018,1.0,0.0,0.0,@FoxNews,"Jose Aristimuno: ""Last year [@POTUS] was the one who removed DACA, now he wants to use the DACA kids as a negotiati‚Ä¶ https://t.co/gCeggFRjDq",100
400,0.0,Sun Apr 08 02:45:24 +0000 2018,1.0,0.0,0.0,@nytimes,The yearbook staff at Marjory Stoneman Douglas High School knew they'd have to memorialize the shooting in their ye‚Ä¶ https://t.co/Xay7Z2dsxr,1
401,0.0,Sun Apr 08 02:28:17 +0000 2018,1.0,0.0,0.0,@nytimes,Take extra caution with obscure tech brands. Take a pause and do some research. https://t.co/qBLP7J8d2k,2
402,0.0,Sun Apr 08 02:11:12 +0000 2018,1.0,0.0,0.0,@nytimes,"Neither a traditional tutor nor a straight-up therapist, a ""homework therapist"" is an amalgam of the two https://t.co/abx6za5LLg",3
403,0.0,Sun Apr 08 01:56:45 +0000 2018,1.0,0.0,0.0,@nytimes,"‚ÄòBig Brother‚Äô in India Requires Fingerprint Scans for Food, Phones and Finances https://t.co/XVdURtZ6hi",4
404,-0.6908,Sun Apr 08 01:49:46 +0000 2018,0.793,0.207,0.0,@nytimes,The tiny elevator in a Brooklyn housing project will forever be tainted by the murder of a 6-year-old inside nearly‚Ä¶ https://t.co/L1CyDzBru1,5
405,0.6597,Sun Apr 08 01:33:12 +0000 2018,0.769,0.0,0.231,@nytimes,"""My parents don‚Äôt want to just throw money around now. I‚Äôm getting a great education at a fraction of the cost."" https://t.co/s0SkPCiYb3",6
406,-0.765,Sun Apr 08 01:14:22 +0000 2018,0.515,0.485,0.0,@nytimes,Poison Gas Attack Reported by Syrian Anti-Government Activists https://t.co/OMPF0xpd7x,7
407,0.0258,Sun Apr 08 01:12:03 +0000 2018,0.711,0.142,0.147,@nytimes,"Evan Rachel Wood has turned her trauma into good. On ""Westworld"" and in life. https://t.co/usjnP8YMav https://t.co/zM1UBvTNf1",8
408,0.0,Sun Apr 08 00:54:49 +0000 2018,1.0,0.0,0.0,@nytimes,"Some airlines are embracing the idea of healthier flying, offering calorie-conscious menus and new exercise videos https://t.co/FUWLkhx4TN",9
409,0.0,Sun Apr 08 00:37:48 +0000 2018,1.0,0.0,0.0,@nytimes,Paleontologists have discovered dozens of jumbo-size footprints belonging to dinosaurs that lived 170 million years‚Ä¶ https://t.co/7PSERESmVB,10
410,0.0,Sun Apr 08 00:17:33 +0000 2018,1.0,0.0,0.0,@nytimes,"Emma Gonz√°lez. 
Rose McGowan. 
The Dora Milaje soldiers in Black Panther. 
Natalie Portman in ‚ÄúV for Vendetta."" 
Ch‚Ä¶ https://t.co/rbGmXRrjcZ",11
411,0.25,Sun Apr 08 00:01:10 +0000 2018,0.652,0.138,0.21,@nytimes,"NEWS ANALYSIS: Though Deadly, Gaza Protests Draw Attention and Enthusiasm https://t.co/HXLmKi9lFp",12
412,-0.0258,Sat Apr 07 23:54:14 +0000 2018,0.569,0.217,0.214,@nytimes,"Last fall, we shared readers' 13-word stories of romance, obsession and heartbreak. Here are some more of the thous‚Ä¶ https://t.co/g3eMYasllp",13
413,-0.2263,Sat Apr 07 23:38:00 +0000 2018,0.821,0.113,0.067,@nytimes,"Once you immerse yourself in the tasty, convenient world of sheet-pan suppers, you won‚Äôt want to stop https://t.co/uVuyCowd0C",14
414,0.7351,Sat Apr 07 23:21:07 +0000 2018,0.725,0.0,0.275,@nytimes,The snow monkeys of Japan like a nice warm bath. Scientists wanted to find out the real reason they sought out the‚Ä¶ https://t.co/m0DcYjlvbW,15
415,0.0,Sat Apr 07 23:02:16 +0000 2018,1.0,0.0,0.0,@nytimes,"Children‚Äôs Books: If Graphic Novels Are Hip for Adults, Why Not Picture Books? https://t.co/CFsPm9Mj1w",16
416,-0.34,Sat Apr 07 22:53:21 +0000 2018,0.806,0.194,0.0,@nytimes,"Fire Breaks Out at Trump Tower in Manhattan, Police Say https://t.co/7QTTQLIGy8",17
417,-0.3612,Sat Apr 07 22:50:31 +0000 2018,0.762,0.238,0.0,@nytimes,Opinion: Mark Zuckerberg Can Still Fix This Mess https://t.co/6fyEudwKP4,18
418,-0.5267,Sat Apr 07 22:33:46 +0000 2018,0.794,0.206,0.0,@nytimes,She was photographed extending her middle finger at Trump's motorcade. Then she lost her job. Now she's suing. https://t.co/jar4XaGnHO,19
419,-0.1779,Sat Apr 07 22:13:50 +0000 2018,0.704,0.166,0.131,@nytimes,"Breaking News: Brazil‚Äôs former president surrendered to begin a 12-year prison term for corruption, a stunning fall‚Ä¶ https://t.co/ONp9cgIIOs",20
420,0.0,Sat Apr 07 22:10:32 +0000 2018,1.0,0.0,0.0,@nytimes,Ex-President ‚ÄòLula‚Äô of Brazil Surrenders to Serve 12-Year Jail Term https://t.co/jzaxWVHl0u,21
421,0.0,Sat Apr 07 22:00:19 +0000 2018,1.0,0.0,0.0,@nytimes,"South Carolina's former first lady, Jenny Sanford, wasn‚Äôt looking to remarry after her high-profile divorce, until‚Ä¶ https://t.co/8dXoWv4Bj6",22
422,0.34,Sat Apr 07 21:45:05 +0000 2018,0.888,0.0,0.112,@nytimes,"Of all possible family heirlooms, a home is perhaps the most complicated: a thing of tangible value, that can be li‚Ä¶ https://t.co/pM4qfyrUkc",23
423,0.5688,Sat Apr 07 21:30:13 +0000 2018,0.779,0.0,0.221,@nytimes,"On Montana‚Äôs Flathead Indian Reservation, basketball is about much more than winning https://t.co/R6HCZlOY2K https://t.co/lnYB63q7qx",24
424,0.0,Sat Apr 07 21:22:04 +0000 2018,1.0,0.0,0.0,@nytimes,"The Humboldt Broncos were on their way to a playoff game when a tractor-trailer collided with their bus, the Canadi‚Ä¶ https://t.co/eRe0Icsi0B",25
425,0.5994,Sat Apr 07 21:15:04 +0000 2018,0.754,0.0,0.246,@nytimes,"Have a craving for craving for deep, dark pools of warm chocolate, sweet pecans and fragrant coconut? https://t.co/WAUWTviKQw",26
426,-0.4019,Sat Apr 07 21:00:06 +0000 2018,0.722,0.278,0.0,@nytimes,Are you wasting your money on supplements? https://t.co/oSCmQfndbO,27
427,0.0,Sat Apr 07 20:49:33 +0000 2018,1.0,0.0,0.0,@nytimes,What choices can you make in your day-to-day to lessen your personal impact on the environment? Here's our guide.‚Ä¶ https://t.co/br2y2XiWBV,28
428,0.0,Sat Apr 07 20:30:04 +0000 2018,1.0,0.0,0.0,@nytimes,"The Brooklyn Museum defended its decision to hire a white person as an African art consulting curator, which some c‚Ä¶ https://t.co/ahJFJEcmoK",29
429,0.0,Sat Apr 07 20:15:04 +0000 2018,1.0,0.0,0.0,@nytimes,"Bukhara, Uzbekistan, was once home to one of the world's oldest and largest Jewish communities, but now has, accord‚Ä¶ https://t.co/vH5YSnFV6s",30
430,0.0,Sat Apr 07 20:00:13 +0000 2018,1.0,0.0,0.0,@nytimes,"RT @nytopinion: ""Many men don‚Äôt know how to interpret female behavior in bed unless it replicates a porno film.‚Äù https://t.co/br1EsgZ6g3 ht‚Ä¶",31
431,0.0,Sat Apr 07 19:50:03 +0000 2018,1.0,0.0,0.0,@nytimes,"Long-term use of the medications is surging in the U.S., according to an analysis by The New York Times. One reason‚Ä¶ https://t.co/Kzr870Po57",32
432,-0.802,Sat Apr 07 19:45:20 +0000 2018,0.69,0.31,0.0,@nytimes,"Update: 2 people were killed and many others  were injured in western Germany, after a driver crashed a small truck‚Ä¶ https://t.co/Z7i87szKF9",33
433,-0.5994,Sat Apr 07 19:32:05 +0000 2018,0.766,0.179,0.055,@nytimes,"In @NYTOpinion

The editorial board writes, ""Ben Carson is not the first housing secretary to betray the landmark F‚Ä¶ https://t.co/lnASOFfZ4M",34
434,0.0,Sat Apr 07 19:17:07 +0000 2018,1.0,0.0,0.0,@nytimes,"It was his birthday and wedding anniversary on Saturday. But Russell Crowe held a ""divorce"" auction. https://t.co/VeDnWQZz0E",35
435,0.0,Sat Apr 07 19:02:06 +0000 2018,1.0,0.0,0.0,@nytimes,Trump issued a memo directing his administration to move quickly to bring an end to the practice of ‚Äúcatch and rele‚Ä¶ https://t.co/aSaSJmynmC,36
436,0.0,Sat Apr 07 18:47:06 +0000 2018,1.0,0.0,0.0,@nytimes,"An exhibition and new book look at how the Rev. Dr. Martin Luther King Jr. and Robert F. Kennedy ascended ""the same‚Ä¶ https://t.co/aE9DaDMVML",37
437,-0.6275,Sat Apr 07 18:34:03 +0000 2018,0.593,0.285,0.122,@nytimes,"Breaking News: Before a helicopter crash killed 5 people in March, pilots asked for more suitable safety gear: ‚ÄúWe‚Ä¶ https://t.co/tl3KSlJNBk",38
438,-0.802,Sat Apr 07 18:32:06 +0000 2018,0.702,0.298,0.0,@nytimes,"At least 3 people were killed and many others injured in western Germany, after a driver crashed a small truck into‚Ä¶ https://t.co/Yjj5QiyFcX",39
439,0.6124,Sat Apr 07 18:27:21 +0000 2018,0.731,0.058,0.212,@nytimes,As Trump moves to fulfill one of the central promises of his campaign ‚Äî to get tough on China ‚Äî he faces a potentia‚Ä¶ https://t.co/mvqiInazRZ,40
440,0.5719,Sat Apr 07 18:02:05 +0000 2018,0.829,0.0,0.171,@nytimes,Many American Jews mark the end of Passover by wolfing down pizzas. Moroccan Jews celebrate with a more established‚Ä¶ https://t.co/bMgfJzGWh1,41
441,0.296,Sat Apr 07 17:54:53 +0000 2018,0.68,0.107,0.214,@nytimes,"No matter how much free time you have this weekend, we have TV recommendations for you https://t.co/8SLQjNlbDB",42
442,-0.296,Sat Apr 07 17:36:47 +0000 2018,0.885,0.115,0.0,@nytimes,"Federal authorities have taken down Backpage, which has been repeatedly accused of enabling prostitution and sex tr‚Ä¶ https://t.co/jpHJSqzYWL",43
443,0.0,Sat Apr 07 17:18:37 +0000 2018,1.0,0.0,0.0,@nytimes,"In @NYTOpinion

Op-Ed Contributor Moises Velasquez-Manoff writes, ""New research suggests that some of the additives‚Ä¶ https://t.co/jq0ng6wdau",44
444,-0.4404,Sat Apr 07 17:02:04 +0000 2018,0.763,0.157,0.08,@nytimes,"The death of Judge Stephen Reinhardt, combined with other vacancies, means Trump has the chance to push the Ninth C‚Ä¶ https://t.co/bU8lCpHTUG",45
445,-0.4588,Sat Apr 07 16:47:02 +0000 2018,0.857,0.143,0.0,@nytimes,A sociologist chronicled the human toll of eviction in Milwaukee in a 2016 book. A new project may reveal just how‚Ä¶ https://t.co/hyLRzkuNWC,46
446,0.3612,Sat Apr 07 16:32:06 +0000 2018,0.837,0.0,0.163,@nytimes,"A number of NFL cheerleading teams will stage auditions this weekend, and many women will try out. But in the‚Ä¶ https://t.co/Po5SXqjfFW",47
447,0.6124,Sat Apr 07 16:17:04 +0000 2018,0.792,0.0,0.208,@nytimes,"Is the doctor in? In this new medical age of urgent care centers and retail clinics, that‚Äôs not a simple question. https://t.co/RZoInkBila",48
448,0.2006,Sat Apr 07 16:02:05 +0000 2018,0.766,0.099,0.135,@nytimes,Some conservatives said they were worried that Scott Pruitt was more interested in media attention than policy and‚Ä¶ https://t.co/c1e5OWINLI,49
449,-0.5267,Sat Apr 07 15:47:03 +0000 2018,0.726,0.188,0.085,@nytimes,"Salman Khan, the Bollywood star, was granted bail after being convicted of killing 2 rare antelopes, the latest twi‚Ä¶ https://t.co/KFbvFJCrnj",50
450,-0.2756,Sat Apr 07 15:32:02 +0000 2018,0.8,0.125,0.076,@nytimes,H.R. McMaster played down personal animosities with Trump but left little doubt that he and the president had diffe‚Ä¶ https://t.co/zEWj6hWeuH,51
451,0.4588,Sat Apr 07 15:17:04 +0000 2018,0.88,0.0,0.12,@nytimes,Men were more than 3 times as likely as women to say they were smarter than the classmate with whom they worked mos‚Ä¶ https://t.co/yPjPQMwDlZ,52
452,-0.5859,Sat Apr 07 15:02:03 +0000 2018,0.758,0.242,0.0,@nytimes,"Uncertainty remains in Washington, where lawmakers, lobbyists and even White House officials struggled to discern h‚Ä¶ https://t.co/hbiNGUBy1f",53
453,0.3612,Sat Apr 07 14:47:05 +0000 2018,0.884,0.0,0.116,@nytimes,John Bolton and Mike Pompeo both have ties to individuals and groups promoting a worldview that regards Islam not s‚Ä¶ https://t.co/574L8TMBiT,54
454,0.0,Sat Apr 07 14:32:04 +0000 2018,1.0,0.0,0.0,@nytimes,Your weekend playlist has arrived https://t.co/2CMCSgMy6j,55
455,0.0,Sat Apr 07 14:17:04 +0000 2018,1.0,0.0,0.0,@nytimes,"Broccoli salads are a dime a dozen, but this one is a game-changing celebration of flavors, colors and textures https://t.co/jLcOBTpnyF",56
456,0.0094,Sat Apr 07 14:02:09 +0000 2018,0.818,0.09,0.092,@nytimes,Tiger Woods barely qualified to play the rest of The Masters and Phil Mickelson made the cut by only a stroke https://t.co/SNguV3YRWz,57
457,-0.7096,Sat Apr 07 13:47:44 +0000 2018,0.503,0.385,0.112,@nytimes,On Washington: Judge‚Äôs Death Gives Trump a Chance to Remake a Vexing Court https://t.co/zkfEzLU77g,58
458,0.0,Sat Apr 07 13:41:06 +0000 2018,1.0,0.0,0.0,@nytimes,His wife's therapist told her to write a letter to his therapist. Did that cross a line? https://t.co/NAqHsG3VWr,59
459,-0.6705,Sat Apr 07 13:31:00 +0000 2018,0.8,0.2,0.0,@nytimes,At least 14 people were killed after a tractor-trailer collided with a bus filled with members of the Humboldt Bron‚Ä¶ https://t.co/IcvXfcDOry,60
460,0.3612,Sat Apr 07 13:21:03 +0000 2018,0.872,0.0,0.128,@nytimes,The Vikings traveled long distances at the mercy of weather without magnetic compasses. Scientists developed new ev‚Ä¶ https://t.co/BIaPSPEHbH,61
461,0.2776,Sat Apr 07 13:02:07 +0000 2018,0.823,0.064,0.113,@nytimes,"Modern Love: ""I‚Äôm not sure it‚Äôs possible to justify my liaisons with married men, but what I learned from having th‚Ä¶ https://t.co/LZJRemrYOw",62
462,0.0,Sat Apr 07 12:41:06 +0000 2018,1.0,0.0,0.0,@nytimes,The New York Times movie review of ‚ÄúBlockers‚Äù https://t.co/LcWMXoO37A,63
463,-0.128,Sat Apr 07 12:31:08 +0000 2018,0.87,0.13,0.0,@nytimes,Surgery Lit by Cellphone: Togo Doctors Strike Over Deplorable Hospitals https://t.co/O1F2RVhRna,64
464,0.3291,Sat Apr 07 12:21:02 +0000 2018,0.865,0.0,0.135,@nytimes,"There isn‚Äôt one perfect beef stew, but constellations of them. The dish is practically universal. https://t.co/rPuOEbXLqZ",65
465,0.0,Sat Apr 07 12:02:09 +0000 2018,1.0,0.0,0.0,@nytimes,"There are far more Democratic House candidates than at any time in the last quarter-century, and the filing period‚Ä¶ https://t.co/PZ34k7vWQR",66
466,0.4404,Sat Apr 07 11:55:33 +0000 2018,0.805,0.0,0.195,@nytimes,"The Week in Good News: Sweater Man, Matt Parziale and Snow Monkeys https://t.co/Wxdmw4VCIS",67
467,0.0,Sat Apr 07 11:44:00 +0000 2018,1.0,0.0,0.0,@nytimes,Why Trump‚Äôs Tariffs Could Raise the Cost of a Hip Replacement https://t.co/KfPIpkJxDS,68
468,0.34,Sat Apr 07 11:41:04 +0000 2018,0.882,0.0,0.118,@nytimes,"Private jets, fancy furniture, 24-hour security: Here are some of the big-ticket items Scott Pruitt wanted ‚Äî some o‚Ä¶ https://t.co/1lFdjrVtHq",69
469,-0.6124,Sat Apr 07 11:21:04 +0000 2018,0.792,0.208,0.0,@nytimes,The Kushner family appeared to have struck a deal to buy out its partner in the troubled Fifth Avenue skyscraper at‚Ä¶ https://t.co/qf4AkZlP07,70
470,0.0258,Sat Apr 07 11:02:03 +0000 2018,0.948,0.0,0.052,@nytimes,"RT @nytopinion: Before you reach for those chips, consider this: You're not just feeding yourself, you're also feeding the bacteria living‚Ä¶",71
471,0.0,Sat Apr 07 10:41:09 +0000 2018,1.0,0.0,0.0,@nytimes,Our business columnist @JamesStewartNYT took a drive in Tesla's Model 3 to size up the car and the Autopilot system‚Ä¶ https://t.co/JCbQ4ENRlq,72
472,0.296,Sat Apr 07 10:25:01 +0000 2018,0.833,0.0,0.167,@nytimes,"In the World of N.F.L. Cheerleading, Are the Boos Getting Louder? https://t.co/wcGNcWxJ8t",73
473,-0.5994,Sat Apr 07 10:09:53 +0000 2018,0.62,0.38,0.0,@nytimes,How to stop wasting money and finally start a budget https://t.co/UAy58ooQjl,74
474,-0.765,Sat Apr 07 09:51:24 +0000 2018,0.476,0.524,0.0,@nytimes,Review: ‚ÄòChappaquiddick‚Äô Revisits a Grim ‚Äô60s Kennedy Scandal https://t.co/qZppYOIwnk,75
475,0.4588,Sat Apr 07 09:43:02 +0000 2018,0.692,0.107,0.201,@nytimes,"RT @NYTObits: He helped save 600 children from the Nazis but regretted that he couldn't save more. Johan van Hulst, one of the Righteous Am‚Ä¶",76
476,-0.5423,Sat Apr 07 09:39:49 +0000 2018,0.774,0.226,0.0,@nytimes,They Did 30 Years for Someone Else‚Äôs Crime. Then Paid for It. https://t.co/0WTCU6esQC,77
477,-0.0516,Sat Apr 07 09:22:39 +0000 2018,0.787,0.112,0.101,@nytimes,"""I admit that I approached 'Chappaquiddick' with a measure of skepticism and a tremor of dread,"" @aoscott writes https://t.co/wxb32w1pi3",78
478,-0.1531,Sat Apr 07 09:06:27 +0000 2018,0.493,0.275,0.232,@nytimes,Doctors: A Harder Death for People With Intellectual Disabilities https://t.co/UqskYChEYq,79
479,-0.4019,Sat Apr 07 08:56:48 +0000 2018,0.748,0.252,0.0,@nytimes,A play-by-play recap of the rising U.S.-China trade tensions https://t.co/lsYKUvwWYL,80
480,0.0,Sat Apr 07 08:38:04 +0000 2018,1.0,0.0,0.0,@nytimes,RT @nytimesworld: A Ukrainian lawmaker tried to investigate Paul Manafort‚Äôs former office manager in Kiev for ties to Russian intelligence‚Ä¶,81
481,0.25,Sat Apr 07 08:17:36 +0000 2018,0.917,0.0,0.083,@nytimes,RT @nytopinion: .@Edsall: The election of Donald Trump ‚Äî built as it was on several long-term trends that converged in 2016 ‚Äî has created a‚Ä¶,82
482,0.4019,Sat Apr 07 07:58:42 +0000 2018,0.722,0.0,0.278,@nytimes,Tip #1: Ask your airline for help https://t.co/TlVwg0EzGI,83
483,-0.3804,Sat Apr 07 07:40:35 +0000 2018,0.755,0.245,0.0,@nytimes,5 plants and animals utterly confused by climate change https://t.co/FHBfPRQV5B,84
484,-0.4588,Sat Apr 07 07:22:03 +0000 2018,0.655,0.232,0.113,@nytimes,"136 years after his death by hanging, he has been officially pardoned. https://t.co/A3YmpdayLS",85
485,0.0,Sat Apr 07 07:07:24 +0000 2018,1.0,0.0,0.0,@nytimes,"RT @nytgraphics: There are far more Democratic House candidates than at any time in the last quarter-century, and the filing period has not‚Ä¶",86
486,0.4033,Sat Apr 07 06:48:27 +0000 2018,0.747,0.0,0.253,@nytimes,Personal Health: Studies Show Little Benefit in Supplements https://t.co/X3mLFoHRnv,87
487,0.0,Sat Apr 07 06:34:11 +0000 2018,1.0,0.0,0.0,@nytimes,"ABC pulled an episode of ‚ÄúBlack-ish.‚Äù Now Kenya Barris, the show's creator, is said to be looking for an early exit‚Ä¶ https://t.co/17QXllWFp2",88
488,0.3612,Sat Apr 07 06:17:02 +0000 2018,0.898,0.0,0.102,@nytimes,"RT @gettleman: ‚ÄúBeing a Dalit in India is like being on the battlefield,‚Äô‚Äô said a Dalit activist. ‚ÄúEveryday and every minute you will be re‚Ä¶",89
489,0.0,Sat Apr 07 05:56:52 +0000 2018,1.0,0.0,0.0,@nytimes,Paleontologists have discovered dozens of jumbo-size footprints belonging to dinosaurs that lived 170 million years‚Ä¶ https://t.co/m8UlDEQ46J,90
490,0.1531,Sat Apr 07 05:38:47 +0000 2018,0.648,0.162,0.19,@nytimes,In the mood for a great foreign crime show? Here are 11 you can stream tonight. https://t.co/NCe5EMOlev,91
491,-0.7003,Sat Apr 07 05:22:04 +0000 2018,0.641,0.272,0.087,@nytimes,"RT @nytlizrobbins: As the H-1B visa scramble begins, thousands of Indian women fear their visas and dreams are in jeopardy. ""I had no ident‚Ä¶",92
492,-0.4019,Sat Apr 07 04:55:29 +0000 2018,0.803,0.197,0.0,@nytimes,Crash Involving Junior Hockey League Team in Canada Claims Multiple Lives https://t.co/IF19jV1dvR,93
493,0.0,Sat Apr 07 04:45:15 +0000 2018,1.0,0.0,0.0,@nytimes,President Trump will skip the White House Correspondents' dinner. But he is much more willing to call in to talk ra‚Ä¶ https://t.co/PlJUElCVe0,94
494,-0.6808,Sat Apr 07 04:27:06 +0000 2018,0.789,0.211,0.0,@nytimes,RT @nytimesphoto: Dr. Martin Luther King Jr. was a visual tactician who understood the power of the camera to expose the brutality and inju‚Ä¶,95
495,0.0,Sat Apr 07 04:09:22 +0000 2018,1.0,0.0,0.0,@nytimes,"Daniel Akaka, Former Democratic Senator of Hawaii, Dies at 93 https://t.co/xyjh4vcgoU",96
496,0.5574,Sat Apr 07 04:03:38 +0000 2018,0.735,0.0,0.265,@nytimes,"How a Liberal Dissident Became a Far-Right Hero, in Hungary and Beyond https://t.co/u5oKlg8lsR",97
497,0.4019,Sat Apr 07 04:02:02 +0000 2018,0.87,0.0,0.13,@nytimes,"He talked about the movie business with Michael Douglas, Morgan Freeman and Dwayne Johnson.

He discussed space tra‚Ä¶ https://t.co/FAlxwnepY6",98
498,0.7096,Sat Apr 07 03:47:02 +0000 2018,0.688,0.0,0.312,@nytimes,"The best TV shows and movies new to Netflix, Amazon and more in April https://t.co/4Ez0tZEtHA",99
499,0.4069,Sat Apr 07 03:33:01 +0000 2018,0.732,0.121,0.146,@nytimes,"""I will do my best to see to it that I never am this ignorant again,"" said a teenager who was sentenced to read boo‚Ä¶ https://t.co/rI3XgTNChw",100
